brand,car_title
宝马维修实例,
奔驰维修实例,
本田维修实例,
丰田维修实例,
一汽大众维修实例,
上海大众维修实例,
通用别克维修实例,
通用雪佛兰维修实例,
奥迪维修实例,
福特维修实例,
日产维修实例,
马自达维修实例,
现代维修实例,
起亚维修实例,
标致维修实例,
雪铁龙维修实例,
铃木维修实例,
雷克萨斯维修实例,
奇瑞维修实例,
吉利维修实例,
长城维修实例,
长安维修实例,
三菱维修实例,
汽车部件维修实例,
柴油|重汽车实例,
其它殴美车系实例,
其它亚洲车系实例,
其它国产车系实例,
混合动力维修,
菲亚特维修,
宝骏维修实例,
,宝骏730倒档摘不下来检修
,宝骏630轿车有时高温报警
,宝骏730倒档摘不下来检修
,宝骏630轿车有时高温报警
,青年LNG天然气客车行驶途中突然熄火
,青年LNG天然气客车突然加速踏板失效
,荣威E50纯电动馈电故障检修
,比亚迪E6轿车无法充电检修
,青年电动客车充电困难检修
,青年纯电动客车充电时仪表提示“单体电池电压过高”
,北汽E150EV电动汽车驱动电动机故障诊断
,五洲龙混合动力客车动力电池辅助充电系统维修
,上汽名爵GS轿车无法启动检修
,纯天然气电喷车ECU修复实例
,分析海格公交客车油门失灵故障
,青年LNG天然气客车发动机异响
,某新能源客车6速变速器噪声异常分析与研究
,青年jNP6 123BEV型纯电动客车无法充电
,青年电动客车无法充电，且仪表无报警信息
,青年电动客车充电时仪表提示“电池过温报警”
,北汽BJ40L右前、右后及左后玻璃升降器间歇失效
,奔腾B30轿车无法熄火、日间行车灯常亮
,南京依维柯冷车启动困难
,昌河北斗星发动机缺缸
,东南富利卡发动机加速无力检修
,华晨阁瑞斯车空调有时不制冷
,上汽名爵MG7轿车发动机室内异响
,上汽名爵GT发动机故障灯亮
,安驰高压共轨皮卡行车熄火
,2016款凯迪拉克SRX轿车CUE屏黑屏检修
,菲亚特西耶那1.5L加速故障检修
,新能源汽车技术原理与维修（8）－－－－动力电池成组问题（2）
,新能源汽车技术原理与维修（5）－－－－电动汽车动力电池系统（1）
,东风纯电动微型客车故障解析及排除
,青年LNG天然气客车行驶途中突然熄火
,青年LNG天然气客车突然加速踏板失效
,荣威E50纯电动馈电故障检修
,比亚迪E6轿车无法充电检修
,青年电动客车充电困难检修
,青年纯电动客车充电时仪表提示“单体电池电压过高”
,北汽E150EV电动汽车驱动电动机故障诊断
,五洲龙混合动力客车动力电池辅助充电系统维修
,纯天然气电喷车ECU修复实例
,分析海格公交客车油门失灵故障
,青年LNG天然气客车发动机异响
,某新能源客车6速变速器噪声异常分析与研究
,青年jNP6 123BEV型纯电动客车无法充电
,青年电动客车无法充电，且仪表无报警信息
,江淮瑞风A60右侧车窗玻璃无法升降
,猎犳越野车冷启动困难的故障如何排除？
,异物进入油底壳故障排除引发的思考
,BJ2020 VJ吉普车水温高且烧机油故障如何排除？
,奔腾B50轿车行驶时突然降挡、急减速
,财运300L吉奥皮卡加油无力
,青年JNP6123BEV型纯电动客车 行驶时车速偶尔会自动下降
,猎犳6421D行驶中制动突然失灵的故障如何诊断？
,猎豹越野车连续“刺缸垫”故障如何排除？
,华泰特拉卡柴油车启动困难故障怎样排除？
,江淮1045型汽车自行熄火故障排除
,江淮和悦轿车发动机限扭
,瑞风M5蓄电池经常亏电、发动机无法启动
,瑞风S5轿车无法启动检修
,猎豹车行驶中突然出现发动机动力不足
,依维柯汽车油底壳机油为什么增多？
,南京依维柯发动机不点火故障怎样排除？
,电喷红旗轿车发动机不能启动故障检修
,宇通客车发动机工作无力、OBD/SCR故障指示灯常亮
,自卸卡车举升液压系统故障分析及控制技术研究
,福田时代晓运车发动机无法启动
,厦门金龙纯电动客车无法行驶
,东风EQ1118型汽车转向无助力故障的排除
,东风EQ1108型汽车发动机高速熄火故障
,东风EQ1118G型汽车发动机机油标尺软管处严重向外喷溅机油
,CA1121J柴油车起动机不运转故障诊断
,南京依维柯发动机无法提速检修
,福田486发动机热车启动困难
,宇通客车发动机工作无力、故障指示灯不亮
,0.5t的5座柴油勇士车离合器怎样修理？
,依维柯汽车转向助力泵故障如何排除？
,依维柯NJ1046型柴油车启动故障怎样排除？
,宇通ZK6108H型大客车行车制动拖滞
,宇通ZK6108H大客车行车制动后，2前轮制动鼓过热
,宇通ZK6108H大客车在高速行驶制动时向左跑偏
,2016款沃尔沃XC90 SUV无法从P挡移出
,路虎揽胜仪表提示发动机机油油位监测系统故障检修
,保时捷卡宴行驶中发动机故障灯亮
,路虎神行者2打不着车检修
,保时捷卡宴Cayenne S右前底盘有异响
,路虎神行者2冷车启动困难、发动机故障灯点亮
,路虎神行者2侧滑灯亮故障检修
,路虎发现4仪表提示性能受限时速60km/h后加不上油
,路虎发现4行驶过程中突然熄火
,保时捷卡宴发动机有异响
,保时捷3.0 V6双涡轮增压发动机动力不足
,路虎发现3过减速带时前部有异响
,路虎发现空调状态不佳的维修指引
,路虎揽胜发动机无法起动并显示“Smart key not found（未找到智能钥匙）...
,路虎发动机故障指示灯点亮检修
,捷豹路虎驻车按钮更换指引
,路虎揽胜无钥匙启动/进入控制单元更换指引
,捷豹路虎发动机故障指示灯点亮
,路虎揽胜行驶中动态稳定指示灯异常点亮
,斯巴鲁傲虎空调控制面板背景灯常亮
,菲亚特西耶那低速加油不畅、油耗高
,菲亚特派力奥1. 5L轿车无法启动
,南京菲亚特爬坡和急加速时动力不足的
,菲亚特派力奥1. 3L轿车加速不良
,菲亚特派力奥轿车发动机自动熄火
,菲亚特派力奥发动机怠速偏高
,菲亚特派力奥轿车行驶中发动机突然熄火
,菲亚特派力奥轿车雨刮器及中控锁故障
,菲亚特柴油车发动机无法启动
,菲亚特派力奥轿车启动机频繁损坏故障
,菲亚特派力奥轿车发动机无法启动
,菲亚特派力奥变速器漏油故障检修
,菲亚特发动机紧急起动步骤
,菲亚特克罗玛怠速不稳、加速无力
,菲亚特克罗玛怠速不稳、加速无力
,检修菲亚特西耶那发动机熄火故障
,检修菲亚特轿车行驶无力故障
,检修菲亚特轿车无高速故障
,检修菲亚特无法启动故障
,南京菲亚特应急起动方法
,菲亚特汽车怠速过高故障的检修
,菲亚特克罗玛轿车加不上速故障检修
,菲亚特西耶那1.5L加速故障检修
,菲亚特西耶那低速加油不畅、油耗高
,菲亚特派力奥1. 5L轿车无法启动
,南京菲亚特爬坡和急加速时动力不足的
,菲亚特派力奥1. 3L轿车加速不良
,菲亚特派力奥轿车发动机自动熄火
,超声波车身电子测量系统发射器故障的检修
,青年电动客车充电时仪表提示“电池过温报警”
,新能源汽车技术原理与维修（8）－－－－动力电池成组问题（2）
,新能源汽车技术原理与维修（5）－－－－电动汽车动力电池系统（1）
,东风纯电动微型客车故障解析及排除
,金杯格瑞斯车发动机启动困难
,红旗电喷轿车低速有严重闯车现象故障检修
,红旗CA7200E型轿车在行驶时使用玻璃升降器时车会发抖
,红旗电喷轿车动力不足及加速不良故障检修
,专家解答汽车疑难故障系列（38）
,红旗CA7220E型轿车因点火不正时导致高速严重发冲
,红旗CA7200E3V6型轿车自动断油故障检修
,宇通大客车制动系统故障诊断分析
,东风卡车离合器常见故障诊断
,柴油发动机机油压力过低的原因及排除方法
,CA1091载重货车行驶中经常“开锅”
,EQ1108G6D型汽车离合器故障如何排除？
,重卡诊断仪诊断重卡玉柴自主天然气发动机操作方法
,北京BJ2022JL型勇士变速器不能挂入低速挡
,保时捷Panamera2个前空气弹簧塌陷
,克莱斯勒3000轿车变速器只有2挡
,路虎揽胜车左侧电动脚踏板在伸出和缩进时均会持续发出“咯咯”的异响
,保时捷帕纳梅拉空调系统制冷不良
,路虎触摸显示屏无显示
,捷豹XF前车窗玻璃无法正确关闭
,捷豹XK杂物箱盖打开时不能减振
,捷豹XJ通信异常
,路虎揽胜全方位车身图像显示异常
,捷豹车水通过D柱进入车身
,捷豹XF车后备厢无法打开、后视摄像头不能工作
,起亚狮跑突然启动不着故障检修
,斯巴鲁BRZ无法正常启动故障检修
,斯巴鲁森林人2.5NA无法正常启动
,斯巴鲁傲虎加速无力、换挡闯车
,斯巴鲁森林人行驶中底盘异响
,斯巴鲁森林人前雨刮器不工作
,斯巴鲁傲虎组合仪表车辆信息故障检修
,斯巴鲁森林人无法启动故障检修
,斯巴鲁傲虎空调控制面板操控失灵
,牧马人更换发动机控制模块后无法启动
,英菲尼迪FX35多个故障灯常亮
,大宇王子1. 8L轿车启动困难
,三星“面包”车空调制冷效果逐渐变差
,沃尔沃XC90发动机加速无力伴有假高温故障
,英菲尼迪FX35换档冲击或不能换档
,大宇典雅油表指示不准确故障
,韩国双龙主席遥控器匹配方法
,菲亚特派力奥发动机怠速偏高
,菲亚特派力奥轿车行驶中发动机突然熄火
,菲亚特派力奥轿车雨刮器及中控锁故障
,菲亚特柴油车发动机无法启动
,菲亚特派力奥轿车启动机频繁损坏故障
,菲亚特派力奥轿车发动机无法启动
,菲亚特派力奥变速器漏油故障检修
,菲亚特发动机紧急起动步骤
,菲亚特克罗玛怠速不稳、加速无力
,菲亚特克罗玛怠速不稳、加速无力
,检修菲亚特西耶那发动机熄火故障
,检修菲亚特轿车行驶无力故障
,检修菲亚特轿车无高速故障
,检修菲亚特无法启动故障
,南京菲亚特应急起动方法
,菲亚特汽车怠速过高故障的检修
,菲亚特克罗玛轿车加不上速故障检修
,电喷发动机怠速不稳的故障排除
,汽车燃油表、冷却液温度表不转故障检修
,电动汽车的P挡控制及应急维修
,汽车启动系统常见故障的诊断与排除
,发动机正时皮带损坏的实例分析与总结
,倒车雷达工作原理分析及常见故障诊断
,汽车发动机曲轴常见失效形式的分析
,发动机气缸、活塞及活塞环早期磨损的预防措施
,汽车进水后的维修方法
,国产轿车自动变速器维修技术讲座（166）
,汽车漏电的检测方法
,离合器常见故障影响因素分析
,国产轿车自动变速器维修技术讲座（165）
,启动电动机常见故障的诊断排除
,发动机不易启动电路故障分析
,常见自动变速器故障诊断与维修（十）
,国产轿车自动变速器维修技术讲座（164）
,威伯科ABS故障诊断与排除
,常见自动变速器故障诊断与维修（九）
,谈发动机曲轴飞轮组的安装
,汽车电气故障检修的五步处理法
,汽车电控维修误区
,汽车电器检修注意事项
,汽车电器故障判断四法
,浅谈汽车空调系统的保养和维修
,中华轿车正常行驶中警告灯会偶尔点亮少许时间
,比亚迪车湿式6速双离合变速器常用数据流分析
,红旗CA7180AE型轿车水温表最高指示在60℃左右不变
,红旗CA7202E3轿车热机难启动故障检修
,中华轿车发动机控制单元内部损坏导致混合气过浓
,江淮汽车离合踏板重故障检修
,上汽名爵GS轿车无法启动检修
,北汽BJ40L右前、右后及左后玻璃升降器间歇失效
,奔腾B30轿车无法熄火、日间行车灯常亮
,南京依维柯冷车启动困难
,昌河北斗星发动机缺缸
,东南富利卡发动机加速无力检修
,华晨阁瑞斯车空调有时不制冷
,上汽名爵MG7轿车发动机室内异响
,上汽名爵GT发动机故障灯亮
,江淮瑞风A60右侧车窗玻璃无法升降
,猎犳越野车冷启动困难的故障如何排除？
,异物进入油底壳故障排除引发的思考
,BJ2020 VJ吉普车水温高且烧机油故障如何排除？
,奔腾B50轿车行驶时突然降挡、急减速
,财运300L吉奥皮卡加油无力
,青年JNP6123BEV型纯电动客车 行驶时车速偶尔会自动下降
,猎犳6421D行驶中制动突然失灵的故障如何诊断？
,猎豹越野车连续“刺缸垫”故障如何排除？
,华泰特拉卡柴油车启动困难故障怎样排除？
,江淮1045型汽车自行熄火故障排除
,江淮和悦轿车发动机限扭
,瑞风M5蓄电池经常亏电、发动机无法启动
,瑞风S5轿车无法启动检修
,东风EQ1118GA型柴油车故障如何排除？
,北京BJ2022勇士电源不受点火锁控制如何排除？
,陕汽奥龙底盘工程车制动继动阀漏气分析
,解放CA1091铁丝代替保险丝引起的着火冒烟故障如何排除？
,东风EQ2081E牵引车自行熄火故障如何排除？
,东风EQ1108G6D型汽车起动机空转故障如何排除？
,斯太尔汽车不能启动故障如何排除？
,东风猛士车点火开关卡滞故障怎样排除？
,东风EQ1118CA型汽车高压油路故障如何排除？
,东风EQ1118GA型汽车自动熄火故障如何排除？
,南京依维柯汽车离合器故障如何排除？
,东风EQ118G型运输车离合器分离不彻底故障怎样诊断？
,东风EQ118G型运输车离合器总泵在高寒地区的运行故障如何排除？
,东风EQ118GA运输车离合器总泵故障如何排除？
,柴油机不能启动故障如何排除？
,安驰高压共轨皮卡行车熄火
,宇通客车发动机工作无力、OBD/SCR故障指示灯常亮
,自卸卡车举升液压系统故障分析及控制技术研究
,福田时代晓运车发动机无法启动
,厦门金龙纯电动客车无法行驶
,东风EQ1118型汽车转向无助力故障的排除
,东风EQ1108型汽车发动机高速熄火故障
,东风EQ1118G型汽车发动机机油标尺软管处严重向外喷溅机油
,CA1121J柴油车起动机不运转故障诊断
,南京依维柯发动机无法提速检修
,福田486发动机热车启动困难
,宇通客车发动机工作无力、故障指示灯不亮
,0.5t的5座柴油勇士车离合器怎样修理？
,依维柯汽车转向助力泵故障如何排除？
,依维柯NJ1046型柴油车启动故障怎样排除？
,宇通ZK6108H型大客车行车制动拖滞
,宇通ZK6108H大客车行车制动后，2前轮制动鼓过热
,宇通ZK6108H大客车在高速行驶制动时向左跑偏
,宇通大客车制动系统故障诊断分析
,东风卡车离合器常见故障诊断
,捷豹XJ触摸屏上显示“无可播放的视频”信息
,捷豹XJ发动机罩锁扣弹簧破损
,捷豹XJ侧灯在点火开关关闭后一直点亮
,凯迪拉克SRX轿车发动机故障灯亮
,捷豹XF发动机后部机油泄漏
,捷豹XJ Range发动机性能受限
,路虎揽胜运动款发动机故障灯异常点亮
,锡柴CA6DL2-35E3发动机车急加速会熄火
,锡柴CA4DF3-13E3发动机车出现断续供油现象
,2016款凯迪拉克SRX轿车CUE屏黑屏检修
,2016款沃尔沃XC90 SUV无法从P挡移出
,路虎揽胜仪表提示发动机机油油位监测系统故障检修
,保时捷卡宴行驶中发动机故障灯亮
,路虎神行者2打不着车检修
,保时捷卡宴Cayenne S右前底盘有异响
,路虎神行者2冷车启动困难、发动机故障灯点亮
,路虎神行者2侧滑灯亮故障检修
,路虎发现4仪表提示性能受限时速60km/h后加不上油
,路虎发现4行驶过程中突然熄火
,保时捷卡宴发动机有异响
,保时捷3.0 V6双涡轮增压发动机动力不足
,路虎发现3过减速带时前部有异响
,路虎发现空调状态不佳的维修指引
,路虎揽胜发动机无法起动并显示“Smart key not found（未找到智能钥匙）...
,路虎发动机故障指示灯点亮检修
,捷豹路虎驻车按钮更换指引
,路虎揽胜无钥匙启动/进入控制单元更换指引
,捷豹路虎发动机故障指示灯点亮
,路虎揽胜行驶中动态稳定指示灯异常点亮
,保时捷Panamera2个前空气弹簧塌陷
,克莱斯勒3000轿车变速器只有2挡
,路虎揽胜车左侧电动脚踏板在伸出和缩进时均会持续发出“咯咯”的异响
,保时捷帕纳梅拉空调系统制冷不良
,路虎触摸显示屏无显示
,捷豹XF前车窗玻璃无法正确关闭
,捷豹XK杂物箱盖打开时不能减振
,英菲尼迪FX50 VK50VE发动机维修要点
,斯巴鲁自动变速器无倒挡故障
,英菲尼迪G35行驶中发动机故障灯突然点亮
,英菲尼迪FX35车制动灯、ABS、VDC、SLIP灯亮
,英菲尼迪EX25中央显示器后视监视无反应
,三星商务车大修后怠速抖动
,检修英菲尼迪FX35半导体温控座椅
,喷涂英菲尼迪白珍珠方法
,斯巴鲁车钥匙匹配方法
,检修斯巴鲁森林人ABS控制单元内部电路故障
,检修斯巴鲁力狮气囊系统故障
,诊断及维修斯巴鲁森林人巡航系统故障
,检修斯巴鲁力狮无法启动故障
,双龙吉普5缸柴油机高压泵正时对不上
,检修斯巴鲁力狮发动机故障警告灯亮
,检修斯巴鲁转弯时车后轮部位有异响
,检修斯巴鲁傲虎空调和天窗无法正常使用
,检修英菲尼迪自动变速器故障
,斯巴鲁方向机异响不止 变速箱故障频出
,斯巴鲁翼豹遥控器的编程
,07款斯巴鲁钥匙匹配
,韩国双龙主席遥控器设定
,斯巴鲁傲虎空调控制面板背景灯常亮
,起亚狮跑突然启动不着故障检修
,斯巴鲁BRZ无法正常启动故障检修
,斯巴鲁森林人2.5NA无法正常启动
,斯巴鲁傲虎加速无力、换挡闯车
,斯巴鲁森林人行驶中底盘异响
,斯巴鲁森林人前雨刮器不工作
,斯巴鲁傲虎组合仪表车辆信息故障检修
,斯巴鲁森林人无法启动故障检修
,斯巴鲁傲虎空调控制面板操控失灵
,牧马人更换发动机控制模块后无法启动
,英菲尼迪FX35多个故障灯常亮
,大宇王子1. 8L轿车启动困难
,三星“面包”车空调制冷效果逐渐变差
,沃尔沃XC90发动机加速无力伴有假高温故障
,英菲尼迪FX35换档冲击或不能换档
,大宇典雅油表指示不准确故障
,国产轿车自动变速器维修技术讲座（163）
,常见自动变速器故障诊断与维修（七）
,发动机气缸盖常见故障的检修
,气门与气门座圈的检查与更换
,国产轿车自动变速器维修技术讲座（162）
,谈起动机常见故障排除
,发动机无法启动故障排查思路
,尾气分析仪在发动机电控维修中的应用
,某8速机械式变速器敲击噪声异常分析与研究
,爱信6AT变速器出现升挡速度变慢
,常见自动变速器故障诊断与维修（六）
,国产轿车自动变速器维修技术讲座（161）
,发动机点火系统常见故障及排除
,一种变速器卧装时的离器分离故障
,超声波车身电子测量系统发射器故障的检修
,电喷发动机怠速不稳的故障排除
,汽车燃油表、冷却液温度表不转故障检修
,电动汽车的P挡控制及应急维修
,汽车启动系统常见故障的诊断与排除
,发动机正时皮带损坏的实例分析与总结
,倒车雷达工作原理分析及常见故障诊断
,汽车发动机曲轴常见失效形式的分析
,发动机气缸、活塞及活塞环早期磨损的预防措施
,汽车进水后的维修方法
,国产轿车自动变速器维修技术讲座（166）
,汽车漏电的检测方法
,离合器常见故障影响因素分析
,国产轿车自动变速器维修技术讲座（165）
,启动电动机常见故障的诊断排除
,发动机不易启动电路故障分析
,常见自动变速器故障诊断与维修（十）
,国产轿车自动变速器维修技术讲座（164）
,威伯科ABS故障诊断与排除
,常见自动变速器故障诊断与维修（九）
,谈发动机曲轴飞轮组的安装
,汽车电气故障检修的五步处理法
,汽车电控维修误区
,汽车电器检修注意事项
,汽车电器故障判断四法
,三菱轿车音响系统杂音故障与排除
,猎豹车行驶中突然出现发动机动力不足
,依维柯汽车油底壳机油为什么增多？
,南京依维柯发动机不点火故障怎样排除？
,电喷红旗轿车发动机不能启动故障检修
,金杯格瑞斯车发动机启动困难
,红旗电喷轿车低速有严重闯车现象故障检修
,红旗CA7200E型轿车在行驶时使用玻璃升降器时车会发抖
,柴油发动机机油压力过低的原因及排除方法
,CA1091载重货车行驶中经常“开锅”
,EQ1108G6D型汽车离合器故障如何排除？
,重卡诊断仪诊断重卡玉柴自主天然气发动机操作方法
,北京BJ2022JL型勇士变速器不能挂入低速挡
,东风EQ1118GA型柴油车故障如何排除？
,北京BJ2022勇士电源不受点火锁控制如何排除？
,捷豹XJ通信异常
,路虎揽胜全方位车身图像显示异常
,捷豹车水通过D柱进入车身
,捷豹XF车后备厢无法打开、后视摄像头不能工作
,捷豹XJ触摸屏上显示“无可播放的视频”信息
,捷豹XJ发动机罩锁扣弹簧破损
,捷豹XJ侧灯在点火开关关闭后一直点亮
,韩国双龙主席遥控器匹配方法
,英菲尼迪FX50 VK50VE发动机维修要点
,斯巴鲁自动变速器无倒挡故障
,英菲尼迪G35行驶中发动机故障灯突然点亮
,英菲尼迪FX35车制动灯、ABS、VDC、SLIP灯亮
,英菲尼迪EX25中央显示器后视监视无反应
,三星商务车大修后怠速抖动
,检修英菲尼迪FX35半导体温控座椅
,喷涂英菲尼迪白珍珠方法
,斯巴鲁车钥匙匹配方法
,检修斯巴鲁森林人ABS控制单元内部电路故障
,浅谈汽车空调系统的保养和维修
,国产轿车自动变速器维修技术讲座（163）
,常见自动变速器故障诊断与维修（七）
,发动机气缸盖常见故障的检修
,气门与气门座圈的检查与更换
,国产轿车自动变速器维修技术讲座（162）
,谈起动机常见故障排除
,发动机无法启动故障排查思路
,尾气分析仪在发动机电控维修中的应用
,某8速机械式变速器敲击噪声异常分析与研究
,爱信6AT变速器出现升挡速度变慢
,常见自动变速器故障诊断与维修（六）
,国产轿车自动变速器维修技术讲座（161）
,发动机点火系统常见故障及排除
,三菱帕杰罗空调制冷功能间歇失效
,三菱帕杰罗V73四驱故障
,三菱太空旅行车冷却液温度表无指示
,三菱帕杰罗越野汽车前照灯突然暗淡
,三菱E-H22A轿车转向灯常亮不闪烁
,三菱帕杰罗风窗玻璃洗涤器不喷水
,三菱帕杰罗刮水器无高速档
,三菱猎豹黑金刚行驶时跑偏
,三菱欧蓝德加速无力、油耗高
,使用元征X-431 PRO3S更换2013年三菱劲炫车身模块
,三菱V6-3000发动机怠速过高故障如何排除？
,三菱V73空调系统不制冷
,三菱欧蓝德空调不工作
,三菱越野汽车音响锁死故障检修
,三菱帕杰罗驾驶人侧车门锁失灵
,三菱君阁MPV无法启动
,三菱劲炫变速器故障灯偶发性点亮
,红旗电喷轿车动力不足及加速不良故障检修
,专家解答汽车疑难故障系列（38）
,红旗CA7220E型轿车因点火不正时导致高速严重发冲
,红旗CA7200E3V6型轿车自动断油故障检修
,中华轿车正常行驶中警告灯会偶尔点亮少许时间
,比亚迪车湿式6速双离合变速器常用数据流分析
,红旗CA7180AE型轿车水温表最高指示在60℃左右不变
,红旗CA7202E3轿车热机难启动故障检修
,中华轿车发动机控制单元内部损坏导致混合气过浓
,江淮汽车离合踏板重故障检修
,陕汽奥龙底盘工程车制动继动阀漏气分析
,解放CA1091铁丝代替保险丝引起的着火冒烟故障如何排除？
,东风EQ2081E牵引车自行熄火故障如何排除？
,东风EQ1108G6D型汽车起动机空转故障如何排除？
,斯太尔汽车不能启动故障如何排除？
,东风猛士车点火开关卡滞故障怎样排除？
,东风EQ1118CA型汽车高压油路故障如何排除？
,东风EQ1118GA型汽车自动熄火故障如何排除？
,南京依维柯汽车离合器故障如何排除？
,东风EQ118G型运输车离合器分离不彻底故障怎样诊断？
,东风EQ118G型运输车离合器总泵在高寒地区的运行故障如何排除？
,东风EQ118GA运输车离合器总泵故障如何排除？
,柴油机不能启动故障如何排除？
,凯迪拉克SRX轿车发动机故障灯亮
,捷豹XF发动机后部机油泄漏
,捷豹XJ Range发动机性能受限
,路虎揽胜运动款发动机故障灯异常点亮
,锡柴CA6DL2-35E3发动机车急加速会熄火
,锡柴CA4DF3-13E3发动机车出现断续供油现象
,检修斯巴鲁力狮气囊系统故障
,诊断及维修斯巴鲁森林人巡航系统故障
,检修斯巴鲁力狮无法启动故障
,双龙吉普5缸柴油机高压泵正时对不上
,检修斯巴鲁力狮发动机故障警告灯亮
,检修斯巴鲁转弯时车后轮部位有异响
,检修斯巴鲁傲虎空调和天窗无法正常使用
,检修英菲尼迪自动变速器故障
,斯巴鲁方向机异响不止 变速箱故障频出
,斯巴鲁翼豹遥控器的编程
,07款斯巴鲁钥匙匹配
,韩国双龙主席遥控器设定
,一种变速器卧装时的离器分离故障
,东南三菱翼神轿车加速异常
,三菱帕杰罗V73型汽车后门锁不联动
,三菱冀神轿车发动机启动困难
,三菱轿车油耗高、低档起步发动机熄火
,三菱帕杰罗V97雨刮和灯光异常
,初始化三菱格蓝迪车天窗方法
,三菱更换新发射器后遥控功能失效
,三菱帕杰罗车门无没上锁
,三菱帕杰罗车6G72发动机烧机油
,欧蓝德EX前照灯自动调平系统报警
,三菱越野吉普车打方向就熄火
,三菱欧蓝德高速行驶时异响
,三菱欧蓝德1、4缸断油故障
,三菱帕杰罗V73车遥控器设定方法
,检修三菱帕杰罗后桥冒白烟故障
,检修三菱帕杰罗车载音响播放碟片时，出现挑碟现象
,检修三菱帕杰罗开启空调后系统不工作
,检修帕杰罗速跑发动机动力不足故障
,检修三菱帕杰罗ABS故障灯亮
,检修三菱帕杰罗后雨刷、后雾灯常亮
,图解三菱F4A4自动变速器阀体维修
,检修三菱帕杰罗空调不制冷故障
,三菱轿车音响系统杂音故障与排除
,三菱帕杰罗空调制冷功能间歇失效
,三菱帕杰罗V73四驱故障
,三菱太空旅行车冷却液温度表无指示
,三菱帕杰罗越野汽车前照灯突然暗淡
,三菱E-H22A轿车转向灯常亮不闪烁
,三菱帕杰罗风窗玻璃洗涤器不喷水
,三菱帕杰罗刮水器无高速档
,长安羚羊发动机故障灯点亮
,三菱猎豹黑金刚行驶时跑偏
,三菱欧蓝德加速无力、油耗高
,使用元征X-431 PRO3S更换2013年三菱劲炫车身模块
,三菱V6-3000发动机怠速过高故障如何排除？
,三菱V73空调系统不制冷
,长安S35多功能转向盘不起作用
,长安微型轿车开空调除雾就会熄火
,长安之星行驶时发动机故障灯突然点亮
,长安羚羊发动机无法启动
,长安汽车行驶途中排气管放炮
,长安之星SC6350C发动机高温故障检修
,三菱欧蓝德空调不工作
,三菱越野汽车音响锁死故障检修
,三菱帕杰罗驾驶人侧车门锁失灵
,三菱君阁MPV无法启动
,三菱劲炫变速器故障灯偶发性点亮
,长安悦翔轿车无法启动着车
,长安之星正常行驶突然熄火后无法再启动
,长安雪虎无法二次启动故障检修
,长安新星打不着火故障检修
,长安奔奔方向盘特别沉
,长安面包车行驶时突然熄火
,吉利帝豪轿车无法启动检修
,长城风骏5皮卡间歇性故障排除
,奇瑞瑞虎3 AMT无任何挡位
,东南三菱翼神轿车加速异常
,三菱帕杰罗V73型汽车后门锁不联动
,三菱冀神轿车发动机启动困难
,三菱轿车油耗高、低档起步发动机熄火
,三菱帕杰罗V97雨刮和灯光异常
,长安CX30两厢轿车无法加速故障
,长安之星发动机启动困难、行驶时加速无力
,大众宝来自动空调无法制冷
,长安之星空调电磁离合器不工作
,通用别克GL8无法启动故障
,吉利自由舰更换氧传感器后耗高
,吉利帝豪自动变速器偶尔无法起步
,吉利远景发动机有时无法启动
,吉利全球鹰发动机无法启动
,帝豪EC7转向灯不亮、尾门遥控控制失灵
,长城哈弗H6 ABS故障检修
,哈弗H6 Coupe组合仪表偶尔会提示陡坡缓降故障
,长城SUV倒车影像故障检修
,长城风骏6加速无力故障检修
,长城C50轿车遥控器开闭锁功能失灵
,奇瑞A3电动门窗升降分开关不起作用故障检修
,奇瑞A3轿车发动机动力不足
,奇瑞开瑞轿车发动机无法启动
,奇瑞A3轿车发动机无法启动
,奇瑞瑞虎5车遥控失效无法启动故障检修
,雷克萨斯ES240轿车雨刮器间歇性不工作
,初始化三菱格蓝迪车天窗方法
,三菱更换新发射器后遥控功能失效
,三菱帕杰罗车门无没上锁
,三菱帕杰罗车6G72发动机烧机油
,欧蓝德EX前照灯自动调平系统报警
,三菱越野吉普车打方向就熄火
,长安悦翔间歇性怠速熄火故障
,长安奔奔mini不能熄火故障
,长安之星开空调时会熄火
,长安之星二代涉水后怠速不稳
,长安之星怠速不稳
,长安之星偶尔无法启动
,全球鹰GC7行车电脑按键及里程表转换按钮失效
,吉利远景发动机故障灯、ABS和EBD灯常亮
,吉利远景行驶中熄火后全车没电
,吉利豪情SRV燃油泵继电器损坏
,吉利帝豪EC8高速行驶一段时间后出现燃油表自动向上走
,长城风骏3柴油共轨发动机热车加速熄火
,哈弗H6加装设备导致ABS灯点亮
,长城风骏5无法启动故障检修
,哈弗H2前后雾灯及右侧制动灯不亮
,长城柴油车预热系统工作原理及故障诊断
,奇瑞瑞虎四驱分动箱齿轮破碎
,东方之子颠簸路面行驶时仪表背光偶尔闪烁，遥控器失效
,奇瑞QQ3轿车偶尔无法起步
,奇瑞QQ热车启动困难故障排除
,奇瑞旗云行驶中左前侧异响的检测
,奇瑞轿车交流发电机故障检修2例
,雷克萨斯GS250轿车电子驻车制动系统无法正常释放
,雷克萨斯ES350轿车智能上车系统失效
,雷克萨斯IS250轿车后挡风玻璃无法正常加热
,雷克萨斯ES250转向盘重且故障灯点亮
,雷克萨斯LX570发动机故障灯和侧滑指示灯异常点亮
,东风雪铁龙凯旋2. 0L轿车收放机不工作检修
,三菱欧蓝德高速行驶时异响
,三菱欧蓝德1、4缸断油故障
,三菱帕杰罗V73车遥控器设定方法
,检修三菱帕杰罗后桥冒白烟故障
,检修三菱帕杰罗车载音响播放碟片时，出现挑碟现象
,长安奥拓发动机怠速高
,长安羚羊有时无法启动故障
,长安雨燕遥控钥匙匹配方法
,长安之星发动机大修后无法启动
,检修长安奔奔发动机故障指示灯报警
,检修长安悦翔自动档换档冲击故障
,吉利远景启动着机后立即熄火
,吉利熊猫仪表熔丝经常熔断
,吉利远景行驶中发动机有时自动熄火
,吉利全球鹰GC7全车没电故障
,吉利自由舰行驶时“顿车”故障
,吉利全球鹰GX718安全气囊灯异常点亮
,检修吉利豪情发动机控制单元损坏故障
,长城炫丽车机械式自动变速器故障诊断
,长城炫丽起步时车身有明显的抖动现象
,长城绚丽制冷效果特别差
,长城皮卡充电系统故障维修
,检修长城炫丽车无级变速器（一）
,更换长城哈弗H6车型4G63发动机组件事项
,长城赛弗遥控器匹配方法
,长城GW2.8TC型柴油高压共轨发动机突然熄火
,长城赛弗发动机怠速不稳
,长城皮卡5挡变速器异响故障
,奇瑞SQR7160ES轿车启动困难
,奇瑞SQR7160ES轿车启动时电源电压低导致不能启动
,奇瑞A3轿车安全气囊灯亮
,奇瑞QQ 0. 8L轿车开近光、远光或雾灯时雨刮器会自动运转
,奇瑞风云只要操作玻璃升降器开关收放机就会停顿一下
,奇瑞QQ3加速无力、怠速抖动
,奇瑞轿车ABS灯偶尔点亮故障检修
,奇瑞轿车因喷油器底座老化导致不易启动
,奇瑞QQ位置灯不能熄灭故障检修
,奇瑞SQR7160ET型轿车怠速时开空调车身抖动
,奇瑞7160E轿车因车速里程表损坏导致发动机动力不足
,雷克萨斯ES350轿车智能进入功能失效
,雷克萨斯RX400H轿车发动机温度过高
,雷克萨斯RX200T行驶中加速不良且抖动
,雷克萨斯NX200t轿车启动机无法工作
,雷克萨斯ES240空燃比传感器故障诊断与排除
,雷克萨斯轿车更换发动机电脑启动后马上自动熄火
,雷克萨斯RX270、RX350及RX450h车转向柱总成渗油
,雷克萨斯NX200、NX200t及NX300h车偶尔无法解锁或闭锁
,新款雷克萨斯RX200t和RX450h车电动背门不能电动开启
,雷克萨斯NX200、 NX200t及NX300h车天窗胶条变形
,东风雪铁龙赛纳发动机故障警告灯常亮
,雪铁龙爱丽舍轿车防抱死制动系统（ABS）故障诊断
,东风雪铁龙C5左转弯时ESP故障灯闪烁
,雪铁龙凯旋轿车发动机和ABS故障灯点亮
,东风雪铁龙C4LESP（上坡辅助）故障检修
,雪铁龙凯旋轿车怠速不稳
,雪铁龙世嘉冷车启动后怠速不稳、发动机故障灯亮
,雪铁龙世嘉轿车SERVICE故障灯亮，加油无力
,东风雪铁龙世嘉多功能屏显示“请加注冷却液”
,雪铁龙老款毕加索2.0L轿车发动机不能正常启动
,东风雪铁龙毕加索轿车点火钥匙拔不出来
,雪铁龙老款毕加索2. 0L轿车空调系统不能正常工作
,铃木锋驭怠速抖动故障检修
,检修三菱帕杰罗开启空调后系统不工作
,检修帕杰罗速跑发动机动力不足故障
,检修三菱帕杰罗ABS故障灯亮
,检修三菱帕杰罗后雨刷、后雾灯常亮
,图解三菱F4A4自动变速器阀体维修
,检修三菱帕杰罗空调不制冷故障
,东风标致207发动机抖动的故障排除
,检修长安柴油车烧起动机故障
,详解长安奔奔防盗系统匹配
,长安汽车电刷与滑环不接触，导致发电机不发电
,长安汽车皮带打滑，使发电机不发电
,检修长安CX20空调不制冷故障
,检修奔奔1.3倒车雷达异常报警
,检修长安车油耗较高、加速无力故障
,检修长安之星起步加速就熄火
,检修长安奔奔发动机抖动且动力不足故障
,吉利仪表稳压器损坏故障
,吉利金鹰出现无规律漏电
,吉利豪情车窗电动玻璃升降器故障
,吉利熊猫车门未关报警灯突然点亮
,奇瑞A5轿车起步时转向异响
,吉利美日MR7181挂入5挡时打齿
,吉利豪情高速行驶时冷却液湿度高
,吉利豪情发动机热车启动困难
,吉利豪情发动机故障指示灯点亮
,吉利美日1缸、4缸无高压火
,吉利帝豪冷却风扇异常高速运转
,吉利金刚发动机怠速不稳
,吉利熊猫安全气囊指示灯亮
,分析及检修吉利TX4轿车燃油表指示不准故障
,吉利豪情发动机ECU损坏如何维修
,华普、吉利轿车ABS系统的特殊诊断方法
,检修帝豪EC718行驶中后轮异响故障
,分析及检修远景1.8cvvt发动机气门弹簧断裂
,检修帝豪EC718偶尔掉挡故障
,长城皮卡491QE电控发动机转速不稳
,检修长城哈弗ABS故障报警灯常亮
,长城哈弗加速时熄火且排气管冒黑烟
,修复后的长城哈弗无法启动
,检修长城柴油高压共轨发动机起动困难
,检修长城哈弗一打开点火开关就出现鼓风机常转
,检修长城哈佛CUV无法启动故障
,检修长城哈弗车气囊SRS系统报警灯有规律闪亮
,排除哈弗自动空调系统温度不能调节故障
,2009长城哈弗H3遥控匹配
,2010年长城炫丽钥匙全丢匹配
,长城哈弗遥控匹配
,08款长城哈佛遥控匹配
,长城炫丽遥控匹配方法
,"长城嘉誉,炫丽,酷熊,摇控学习方法"
,长城风骏5皮卡间歇性故障排除
,长城哈弗H6 ABS故障检修
,哈弗H6 Coupe组合仪表偶尔会提示陡坡缓降故障
,长城SUV倒车影像故障检修
,长城风骏6加速无力故障检修
,长城C50轿车遥控器开闭锁功能失灵
,奇瑞QQ轿车启动时仪表黑屏
,奇瑞QQ7080 ABS故障指示灯常亮
,奇瑞A516轿车每次启动后第1次踩油门没反应
,奇瑞东方之子发动机控制单元故障
,奇瑞SQR7160蓄电池经常亏电
,奇瑞轿车行驶时突然熄火，之后无法启动
,奇瑞SQR7160E轿车熄火后启动困难
,奇瑞7160E多点喷射轿车无法启动
,奇瑞A520中控锁会自动开锁故障
,奇瑞旗云轿车发动机冷却液温度过高
,奇瑞QQ发动机启动入档后变速杆自动回到空档
,奇瑞风云轿车有时不易启动
,奇瑞风云冷车启动困难、热车正常
,奇瑞风云怠速轻微抖动、踩加速踏板有“顿车”现象
,奇瑞QQ行驶一段时间后故障灯点亮
,奇瑞QQ轿车挂挡后无法加速行驶
,奇瑞A1轿车行驶时犯闯
,奇瑞瑞虎3 AMT无任何挡位
,奇瑞A3电动门窗升降分开关不起作用故障检修
,奇瑞A3轿车发动机动力不足
,雷克萨斯CT200h轿车右侧车门辅助拉手盖易脱落
,雷克萨斯RX车型行驶中前部有异响
,雷克萨斯RX450h轿车无法进入REAOY状态
,雷克萨斯车维修技术信息5则
,雷克萨斯NX300h后视野监视系统无法正常工作
,雷克萨斯ES350车窗玻璃上升至顶部后会自动下降约1/3
,分析雷克萨斯LS400电控悬架典型故障
,雷克萨斯GS430/GS300车智能钥匙失效应急解决方法
,雷克萨斯LX470仪表多个故障灯报警
,雷克萨斯泊车辅助系统设置转向盘中点手工初始化方法
,雷克萨斯ES350发动机启动困难
,雷克萨斯LS400安全气囊警告灯不熄灭
,雷克萨斯LS400安全气囊系统故障码无法清除
,雷克萨斯LS400行驶时发动机抖动后熄火
,雷克萨斯汽车技术通报五则
,雷克萨斯汽车技术通报六则
,雷克萨斯RX400H轿车转向无助力
,雷克萨斯汽车技术通报十二则
,新款雷克萨斯轿车技术通报十八则
,雪铁龙毕加索1. 6L轿车开小灯时后雨刮器工作
,雪铁龙新毕加索2. 0L轿车发动机温度过高、且冷却风扇高速运转
,东风雪铁龙新毕加索2. 0L发动机无法正常启动
,东风雪铁龙凯旋2. 0L车前大灯自动点亮、前雨刮器不规则运动
,东风雪铁龙凯旋轿车后备箱盖无法正常打开
,雪铁龙富康组合仪表板上的充电指示灯偶尔点亮
,东风雪铁龙凯旋豪华型轿车无定速巡航功能
,东风雪铁龙凯旋驾驶员侧电动座椅高低方向调节功能失效
,雪铁龙凯旋轿车前挡风玻璃洗涤液喷嘴不能正常喷出清洗液
,东风雪铁龙凯旋轿车经常熄火故障检修
,雪铁龙赛纳轿车发动机电控单元损坏引起加速迟滞
,雪铁龙赛纳轿车鼓风机工作不正常
,富康轿车起动困难，着火后转速不稳定，动力性差，冒黑烟
,雪铁龙赛纳轿车前雨刮器不能正常工作
,雪铁龙赛纳轿车空调在使用中冷风突然变成热风
,雪铁龙赛纳发动机舱内保险丝盒故障引起车辆无法启动
,东风雪铁龙赛纳轿车空调不工作故障检修
,雪铁龙新萨拉毕加索在低速行驶过程中容易出现发动机熄火
,雪铁龙新萨拉毕加索车辆不能正常启动故障检修
,雪铁龙赛纳轿车空调系统鼓风机不能正常工作
,长安铃木羚羊换挡故障检测及维修
,长安铃木奥拓无法高速行驶故障排除
,长安铃木锋驭行驶时ESP故障灯偶尔点亮
,铃木新奥拓在滑行和等红灯起步时发动机会偶然熄火
,铃木奥拓轿车加速无力的诊断过程
,铃木雨燕行驶时异响
,铃木天语车动机故障灯常亮、油耗上升
,昌河铃木北斗星无法启动
,铃木雨燕轿车ABS灯间歇性报警
,长安雨燕轿车空调不制冷
,长安铃木奥拓轿车无法挂入倒挡
,羚羊发动机急加速熄火、故障灯常亮
,铃木羚羊手动档轿车发动机转速间歇性波动
,铃木天语车发动机故障灯常亮
,长安铃木奥拓车发动机偶发性熄火
,长安铃木羚羊行驶加速时发闯
,长安铃木羚羊节气门位置传感器信号不良
,铃木微型车摘空挡时发动机熄火
,长安铃木车遥控器匹配方法
,长安铃木羚羊空调无法制冷
,铃木天语SX4怠速熄火故障
,铃木新奥拓发动机怠速运转时有异响
,铃木天语ABS故障灯常亮
,标致308轿车行驶中熄火排除
,标致307轿车偶尔加速无反应故障排除
,标致307轿车发动机无法启动
,东风标致3008防盗报警器故障分析
,雪铁龙、标致AL4自动变速器变矩器维修难点
,东风标致408轿车发动机不着
,标致207轿车改装音响后不着车
,东风标致EW10A发动机电于节气门控制系统检修
,标致408热车低速行驶时发动机易熄火
,标致3008发动机故障灯点亮时加油门无反应
,标致307加装音响后不能启动维修
,东风标致车故障代码P0504、P02C3及P00C3的诊断思路
,标致206轿车发动机故障灯亮
,标致307轿车相关初始化程序
,标致307轿车起步无力
,检修东风标致408防盗报警器误报警
,东风标致自动变速器控制单元中故障码的检修
,标致307轿车启动后很快熄火
,东风标致EW10A发动机活塞和活塞环的匹配
,凯旋双燃料车烧气时出现怠速抖动、发动机故障报警灯亮
,长安羚羊发动机故障灯点亮
,长安S35多功能转向盘不起作用
,长安微型轿车开空调除雾就会熄火
,长安之星行驶时发动机故障灯突然点亮
,长安羚羊发动机无法启动
,长安汽车行驶途中排气管放炮
,长安之星SC6350C发动机高温故障检修
,长安悦翔轿车无法启动着车
,长安之星正常行驶突然熄火后无法再启动
,长安雪虎无法二次启动故障检修
,长安新星打不着火故障检修
,长安奔奔方向盘特别沉
,长安面包车行驶时突然熄火
,长安CX30两厢轿车无法加速故障
,长安之星发动机启动困难、行驶时加速无力
,大众宝来自动空调无法制冷
,长安之星空调电磁离合器不工作
,通用别克GL8无法启动故障
,长安悦翔间歇性怠速熄火故障
,长安奔奔mini不能熄火故障
,长安之星开空调时会熄火
,检修吉利帝豪耗电过大故障
,吉利帝豪轿车无法启动检修
,吉利自由舰更换氧传感器后耗高
,吉利帝豪自动变速器偶尔无法起步
,吉利远景发动机有时无法启动
,吉利全球鹰发动机无法启动
,帝豪EC7转向灯不亮、尾门遥控控制失灵
,全球鹰GC7行车电脑按键及里程表转换按钮失效
,吉利远景发动机故障灯、ABS和EBD灯常亮
,吉利远景行驶中熄火后全车没电
,吉利豪情SRV燃油泵继电器损坏
,吉利帝豪EC8高速行驶一段时间后出现燃油表自动向上走
,吉利远景启动着机后立即熄火
,吉利熊猫仪表熔丝经常熔断
,吉利远景行驶中发动机有时自动熄火
,吉利全球鹰GC7全车没电故障
,吉利自由舰行驶时“顿车”故障
,吉利全球鹰GX718安全气囊灯异常点亮
,检修吉利豪情发动机控制单元损坏故障
,吉利仪表稳压器损坏故障
,长城风骏3柴油共轨发动机热车加速熄火
,哈弗H6加装设备导致ABS灯点亮
,长城风骏5无法启动故障检修
,哈弗H2前后雾灯及右侧制动灯不亮
,长城柴油车预热系统工作原理及故障诊断
,长城炫丽车机械式自动变速器故障诊断
,长城炫丽起步时车身有明显的抖动现象
,长城绚丽制冷效果特别差
,长城皮卡充电系统故障维修
,检修长城炫丽车无级变速器（一）
,更换长城哈弗H6车型4G63发动机组件事项
,长城赛弗遥控器匹配方法
,长城GW2.8TC型柴油高压共轨发动机突然熄火
,长城赛弗发动机怠速不稳
,长城皮卡5挡变速器异响故障
,长城皮卡491QE电控发动机转速不稳
,检修长城哈弗ABS故障报警灯常亮
,长城哈弗加速时熄火且排气管冒黑烟
,修复后的长城哈弗无法启动
,检修长城柴油高压共轨发动机起动困难
,奇瑞开瑞轿车发动机无法启动
,奇瑞A3轿车发动机无法启动
,奇瑞瑞虎5车遥控失效无法启动故障检修
,奇瑞瑞虎四驱分动箱齿轮破碎
,东方之子颠簸路面行驶时仪表背光偶尔闪烁，遥控器失效
,奇瑞QQ3轿车偶尔无法起步
,奇瑞QQ热车启动困难故障排除
,奇瑞旗云行驶中左前侧异响的检测
,奇瑞轿车交流发电机故障检修2例
,奇瑞SQR7160ES轿车启动困难
,奇瑞SQR7160ES轿车启动时电源电压低导致不能启动
,奇瑞A3轿车安全气囊灯亮
,奇瑞QQ 0. 8L轿车开近光、远光或雾灯时雨刮器会自动运转
,奇瑞风云只要操作玻璃升降器开关收放机就会停顿一下
,奇瑞QQ3加速无力、怠速抖动
,奇瑞轿车ABS灯偶尔点亮故障检修
,奇瑞轿车因喷油器底座老化导致不易启动
,奇瑞QQ位置灯不能熄灭故障检修
,奇瑞SQR7160ET型轿车怠速时开空调车身抖动
,奇瑞7160E轿车因车速里程表损坏导致发动机动力不足
,雷克萨斯（凌志）400起步困难
,雷克萨斯LS400高速行驶时动力不足
,雷克萨斯LS400轿车无法正常起步
,雷克萨斯ES300轿车间歇性熄火
,雷克萨斯ES350轿车无法启动
,雷克萨斯ES240轿车雨刮器间歇性不工作
,雷克萨斯GS250轿车电子驻车制动系统无法正常释放
,雷克萨斯ES350轿车智能上车系统失效
,雷克萨斯IS250轿车后挡风玻璃无法正常加热
,雷克萨斯ES250转向盘重且故障灯点亮
,雷克萨斯LX570发动机故障灯和侧滑指示灯异常点亮
,雷克萨斯ES350轿车智能进入功能失效
,雷克萨斯RX400H轿车发动机温度过高
,雷克萨斯RX200T行驶中加速不良且抖动
,雷克萨斯NX200t轿车启动机无法工作
,雷克萨斯ES240空燃比传感器故障诊断与排除
,雷克萨斯轿车更换发动机电脑启动后马上自动熄火
,雷克萨斯RX270、RX350及RX450h车转向柱总成渗油
,雷克萨斯NX200、NX200t及NX300h车偶尔无法解锁或闭锁
,新款雷克萨斯RX200t和RX450h车电动背门不能电动开启
,雷克萨斯NX200、 NX200t及NX300h车天窗胶条变形
,雪铁龙赛纳轿车发动机温度过高，冷却风扇频繁运转
,东风雪铁龙赛纳安全气囊故障灯点亮及喇叭不工作
,雪铁龙世嘉ABS无法进入且蓄电池充电灯亮
,东风雪铁龙爱丽舍轿车蓄电池技术状态的检查
,雪铁龙爱丽舍轿车蓄电池的充电故障
,雪铁龙爱丽舍轿车交流发电机与调节器部件的检修
,雪铁龙爱丽舍轿车交流发电机及调节器整体性能的测试
,东风雪铁龙凯旋2. 0L轿车收放机不工作检修
,东风雪铁龙赛纳发动机故障警告灯常亮
,雪铁龙爱丽舍轿车防抱死制动系统（ABS）故障诊断
,东风雪铁龙C5左转弯时ESP故障灯闪烁
,雪铁龙凯旋轿车发动机和ABS故障灯点亮
,东风雪铁龙C4LESP（上坡辅助）故障检修
,雪铁龙凯旋轿车怠速不稳
,雪铁龙世嘉冷车启动后怠速不稳、发动机故障灯亮
,雪铁龙世嘉轿车SERVICE故障灯亮，加油无力
,东风雪铁龙世嘉多功能屏显示“请加注冷却液”
,雪铁龙老款毕加索2.0L轿车发动机不能正常启动
,东风雪铁龙毕加索轿车点火钥匙拔不出来
,雪铁龙老款毕加索2. 0L轿车空调系统不能正常工作
,起亚K3轿车智能钥匙丢失
,铃木天语发动机热机启动困难
,铃木雨燕行驶时发动机易熄火
,铃木天语D挡不有高速行驶
,长安羚羊发动机故障灯常亮
,铃木天语组合仪表显示异常
,铃木天语空调制冷效果不佳
,雨燕发动机故障灯异常点亮
,铃木雨燕车发动机无法起动
,奥拓发动机冷车怠速高
,天语使用无钥匙起动时防盗灯闪烁
,天语SX4发动机大量消耗机油
,长安羚羊行驶时SRS报警灯有时点亮
,铃木羚羊轿车排气管黑烟
,铃木雨燕车动力转向工作故障
,长安羚羊发动机故障灯常亮
,奥拓发动机有时不能起动
,铃木锋驭怠速抖动故障检修
,长安铃木羚羊换挡故障检测及维修
,长安铃木奥拓无法高速行驶故障排除
,长安铃木锋驭行驶时ESP故障灯偶尔点亮
,标致307轿车发动机异常抖动
,标致307轿车无法启动故障
,标致307轿车电动车窗升降器没有反应
,标致307轿车停放一夜后无法启动
,标致307夜间行驶时，前照灯的远光有时不亮
,标致307发动机行驶中熄火无法行驶
,标致307轿车空调系统无法工作
,标致307四个车门锁都无法关闭，锁上后会有反弹的现象
,东风标致308轿车前照灯水汽凝结的维修
,标致307操纵变速杆时仪表显示无变化
,标致307 ABS故障指示灯闪亮
,排除标致307轿车ABS故障
,富康988冷却液温度控制模块损坏
,东风标致307制动带引起的R档冲击
,排除标致307轿车不能起步故障
,检修东风标致408轿车制动灯组内有积水故障
,标致405加速不良、冷车起动困难且无冷车高怠速
,长安之星二代涉水后怠速不稳
,长安之星怠速不稳
,长安之星偶尔无法启动
,长安奥拓发动机怠速高
,长安羚羊有时无法启动故障
,长安雨燕遥控钥匙匹配方法
,长安之星发动机大修后无法启动
,检修长安奔奔发动机故障指示灯报警
,检修长安悦翔自动档换档冲击故障
,检修长安柴油车烧起动机故障
,详解长安奔奔防盗系统匹配
,长安汽车电刷与滑环不接触，导致发电机不发电
,长安汽车皮带打滑，使发电机不发电
,检修长安CX20空调不制冷故障
,检修奔奔1.3倒车雷达异常报警
,检修长安车油耗较高、加速无力故障
,检修长安之星起步加速就熄火
,检修长安奔奔发动机抖动且动力不足故障
,吉利金鹰出现无规律漏电
,吉利豪情车窗电动玻璃升降器故障
,吉利熊猫车门未关报警灯突然点亮
,奇瑞A5轿车起步时转向异响
,吉利美日MR7181挂入5挡时打齿
,吉利豪情高速行驶时冷却液湿度高
,吉利豪情发动机热车启动困难
,吉利豪情发动机故障指示灯点亮
,吉利美日1缸、4缸无高压火
,吉利帝豪冷却风扇异常高速运转
,吉利金刚发动机怠速不稳
,吉利熊猫安全气囊指示灯亮
,分析及检修吉利TX4轿车燃油表指示不准故障
,吉利豪情发动机ECU损坏如何维修
,华普、吉利轿车ABS系统的特殊诊断方法
,检修帝豪EC718行驶中后轮异响故障
,分析及检修远景1.8cvvt发动机气门弹簧断裂
,检修帝豪EC718偶尔掉挡故障
,检修吉利帝豪耗电过大故障
,检修长城哈弗一打开点火开关就出现鼓风机常转
,检修长城哈佛CUV无法启动故障
,检修长城哈弗车气囊SRS系统报警灯有规律闪亮
,排除哈弗自动空调系统温度不能调节故障
,2009长城哈弗H3遥控匹配
,2010年长城炫丽钥匙全丢匹配
,长城哈弗遥控匹配
,08款长城哈佛遥控匹配
,长城炫丽遥控匹配方法
,"长城嘉誉,炫丽,酷熊,摇控学习方法"
,奇瑞QQ轿车启动时仪表黑屏
,奇瑞QQ7080 ABS故障指示灯常亮
,奇瑞A516轿车每次启动后第1次踩油门没反应
,奇瑞东方之子发动机控制单元故障
,奇瑞SQR7160蓄电池经常亏电
,奇瑞轿车行驶时突然熄火，之后无法启动
,奇瑞SQR7160E轿车熄火后启动困难
,奇瑞7160E多点喷射轿车无法启动
,奇瑞A520中控锁会自动开锁故障
,奇瑞旗云轿车发动机冷却液温度过高
,奇瑞QQ发动机启动入档后变速杆自动回到空档
,奇瑞风云轿车有时不易启动
,奇瑞风云冷车启动困难、热车正常
,奇瑞风云怠速轻微抖动、踩加速踏板有“顿车”现象
,奇瑞QQ行驶一段时间后故障灯点亮
,奇瑞QQ轿车挂挡后无法加速行驶
,奇瑞A1轿车行驶时犯闯
,雷克萨斯CT200h轿车右侧车门辅助拉手盖易脱落
,雷克萨斯RX车型行驶中前部有异响
,雷克萨斯RX450h轿车无法进入REAOY状态
,雷克萨斯车维修技术信息5则
,雷克萨斯NX300h后视野监视系统无法正常工作
,雷克萨斯ES350车窗玻璃上升至顶部后会自动下降约1/3
,分析雷克萨斯LS400电控悬架典型故障
,雷克萨斯GS430/GS300车智能钥匙失效应急解决方法
,雷克萨斯LX470仪表多个故障灯报警
,雷克萨斯泊车辅助系统设置转向盘中点手工初始化方法
,雷克萨斯ES350发动机启动困难
,雷克萨斯LS400安全气囊警告灯不熄灭
,雷克萨斯LS400安全气囊系统故障码无法清除
,雷克萨斯LS400行驶时发动机抖动后熄火
,雷克萨斯汽车技术通报五则
,雷克萨斯汽车技术通报六则
,雷克萨斯RX400H轿车转向无助力
,雷克萨斯汽车技术通报十二则
,新款雷克萨斯轿车技术通报十八则
,雷克萨斯（凌志）400起步困难
,雷克萨斯LS400高速行驶时动力不足
,雷克萨斯LS400轿车无法正常起步
,雷克萨斯ES300轿车间歇性熄火
,雪铁龙毕加索1. 6L轿车开小灯时后雨刮器工作
,雪铁龙新毕加索2. 0L轿车发动机温度过高、且冷却风扇高速运转
,东风雪铁龙新毕加索2. 0L发动机无法正常启动
,东风雪铁龙凯旋2. 0L车前大灯自动点亮、前雨刮器不规则运动
,东风雪铁龙凯旋轿车后备箱盖无法正常打开
,雪铁龙富康组合仪表板上的充电指示灯偶尔点亮
,东风雪铁龙凯旋豪华型轿车无定速巡航功能
,东风雪铁龙凯旋驾驶员侧电动座椅高低方向调节功能失效
,雪铁龙凯旋轿车前挡风玻璃洗涤液喷嘴不能正常喷出清洗液
,东风雪铁龙凯旋轿车经常熄火故障检修
,雪铁龙赛纳轿车发动机电控单元损坏引起加速迟滞
,雪铁龙赛纳轿车鼓风机工作不正常
,富康轿车起动困难，着火后转速不稳定，动力性差，冒黑烟
,雪铁龙赛纳轿车前雨刮器不能正常工作
,雪铁龙赛纳轿车空调在使用中冷风突然变成热风
,雪铁龙赛纳发动机舱内保险丝盒故障引起车辆无法启动
,东风雪铁龙赛纳轿车空调不工作故障检修
,雪铁龙新萨拉毕加索在低速行驶过程中容易出现发动机熄火
,铃木新奥拓在滑行和等红灯起步时发动机会偶然熄火
,铃木奥拓轿车加速无力的诊断过程
,铃木雨燕行驶时异响
,铃木天语车动机故障灯常亮、油耗上升
,昌河铃木北斗星无法启动
,铃木雨燕轿车ABS灯间歇性报警
,长安雨燕轿车空调不制冷
,长安铃木奥拓轿车无法挂入倒挡
,羚羊发动机急加速熄火、故障灯常亮
,铃木羚羊手动档轿车发动机转速间歇性波动
,铃木天语车发动机故障灯常亮
,长安铃木奥拓车发动机偶发性熄火
,长安铃木羚羊行驶加速时发闯
,长安铃木羚羊节气门位置传感器信号不良
,铃木微型车摘空挡时发动机熄火
,长安铃木车遥控器匹配方法
,长安铃木羚羊空调无法制冷
,铃木天语SX4怠速熄火故障
,铃木新奥拓发动机怠速运转时有异响
,铃木天语ABS故障灯常亮
,铃木天语发动机热机启动困难
,铃木雨燕行驶时发动机易熄火
,铃木天语D挡不有高速行驶
,2013款起亚K3钥匙匹配
,东风悦达起亚K3车门闭锁器工作异常
,起亚福瑞迪行驶时蓄电池充电指示灯闪亮
,起亚K2轿车无法正常行驶故障检修
,东风悦达起亚K3轿车空调不制冷
,起亚嘉华轿车左前门无法正常解锁
,起亚K5轿车发动机无法正常启动
,起亚K3外部后视镜不能够电动折叠
,起亚嘉华MPV排气管冒黑烟、加速无力
,东风悦达起亚K3轿车智能钥匙匹配方法
,东风悦达起亚狮跑发动机故障灯亮
,起亚赛拉图冷天启动车抖动厉害
,起亚霸锐车系燃油供给系统结构及检修
,起亚K2发动机怠速抖动利害
,起亚索兰托燃油供给系统结构与检修
,悦达起亚K5轿车怠速游动、加速无响应
,起亚嘉华轿车换档冲击
,起亚索兰托右前驻车灯不亮
,起亚霸锐门把手按钮开关失效
,起亚威客倒车警告系统不工作
,起亚佳乐空调系统无法工作
,起亚佳乐行驶时偶发性变速器不能够升降挡
,起亚霸锐无法力速，发动机及四轮驱动故障灯点亮
,检修标致307发动机漏水故障
,标致408自动变速器故障灯点亮
,东风标致207发动机抖动的故障排除
,标致308轿车行驶中熄火排除
,标致307轿车偶尔加速无反应故障排除
,标致307轿车发动机无法启动
,东风标致3008防盗报警器故障分析
,雪铁龙、标致AL4自动变速器变矩器维修难点
,东风标致408轿车发动机不着
,标致207轿车改装音响后不着车
,东风标致EW10A发动机电于节气门控制系统检修
,标致408热车低速行驶时发动机易熄火
,标致3008发动机故障灯点亮时加油门无反应
,标致307加装音响后不能启动维修
,东风标致车故障代码P0504、P02C3及P00C3的诊断思路
,标致206轿车发动机故障灯亮
,雷克萨斯ES350轿车无法启动
,雪铁龙新萨拉毕加索车辆不能正常启动故障检修
,雪铁龙赛纳轿车空调系统鼓风机不能正常工作
,雪铁龙赛纳轿车发动机温度过高，冷却风扇频繁运转
,东风雪铁龙赛纳安全气囊故障灯点亮及喇叭不工作
,雪铁龙世嘉ABS无法进入且蓄电池充电灯亮
,东风雪铁龙爱丽舍轿车蓄电池技术状态的检查
,雪铁龙爱丽舍轿车蓄电池的充电故障
,雪铁龙爱丽舍轿车交流发电机与调节器部件的检修
,雪铁龙爱丽舍轿车交流发电机及调节器整体性能的测试
,长安羚羊发动机故障灯常亮
,铃木天语组合仪表显示异常
,铃木天语空调制冷效果不佳
,雨燕发动机故障灯异常点亮
,铃木雨燕车发动机无法起动
,奥拓发动机冷车怠速高
,天语使用无钥匙起动时防盗灯闪烁
,天语SX4发动机大量消耗机油
,长安羚羊行驶时SRS报警灯有时点亮
,铃木羚羊轿车排气管黑烟
,铃木雨燕车动力转向工作故障
,长安羚羊发动机故障灯常亮
,奥拓发动机有时不能起动
,悦达起亚福瑞迪轿车发动机无法启动
,悦达起亚狮跑发动机怠速抖动
,起亚福瑞迪轿车充电指示灯闪烁
,起亚霸锐车电动门窗开关失效
,起亚福瑞迪空调系统构造及常见故障
,悦达起亚赛拉图空调不制冷
,起亚狮跑怠速时空调制冷度不够
,悦达起亚锐欧空调不制冷
,别克君越左前门中控门锁不能上锁
,起亚嘉华启动发动机以后无怠速
,起亚佳乐发动机转速不稳、故障灯点亮
,起亚索兰托燃油表指针不稳
,起亚索兰托行驶时机油报警灯点亮
,起亚远舰加速时有抖动感觉
,起亚锐欧GL轿车发动机舱内有异响且熄火
,起亚嘉华轿车打方向盘沉重
,起亚K3轿车智能钥匙丢失
,2013款起亚K3钥匙匹配
,东风悦达起亚K3车门闭锁器工作异常
,起亚福瑞迪行驶时蓄电池充电指示灯闪亮
,标致307轿车相关初始化程序
,标致307轿车起步无力
,检修东风标致408防盗报警器误报警
,东风标致自动变速器控制单元中故障码的检修
,标致307轿车启动后很快熄火
,东风标致EW10A发动机活塞和活塞环的匹配
,凯旋双燃料车烧气时出现怠速抖动、发动机故障报警灯亮
,标致307轿车发动机异常抖动
,标致307轿车无法启动故障
,标致307轿车电动车窗升降器没有反应
,标致307轿车停放一夜后无法启动
,标致307夜间行驶时，前照灯的远光有时不亮
,标致307发动机行驶中熄火无法行驶
,标致307轿车空调系统无法工作
,标致307四个车门锁都无法关闭，锁上后会有反弹的现象
,东风标致308轿车前照灯水汽凝结的维修
,标致307操纵变速杆时仪表显示无变化
,标致307 ABS故障指示灯闪亮
,排除标致307轿车ABS故障
,富康988冷却液温度控制模块损坏
,东风标致307制动带引起的R档冲击
,起亚K2轿车无法正常行驶故障检修
,东风悦达起亚K3轿车空调不制冷
,起亚嘉华轿车左前门无法正常解锁
,起亚K5轿车发动机无法正常启动
,起亚K3外部后视镜不能够电动折叠
,起亚嘉华MPV排气管冒黑烟、加速无力
,东风悦达起亚K3轿车智能钥匙匹配方法
,东风悦达起亚狮跑发动机故障灯亮
,起亚赛拉图冷天启动车抖动厉害
,起亚霸锐车系燃油供给系统结构及检修
,起亚K2发动机怠速抖动利害
,起亚索兰托燃油供给系统结构与检修
,悦达起亚K5轿车怠速游动、加速无响应
,起亚嘉华轿车换档冲击
,起亚索兰托右前驻车灯不亮
,起亚霸锐门把手按钮开关失效
,排除标致307轿车不能起步故障
,检修东风标致408轿车制动灯组内有积水故障
,标致405加速不良、冷车起动困难且无冷车高怠速
,检修标致307发动机漏水故障
,标致408自动变速器故障灯点亮
,马自达RX-8 无法启动故障检修
,北京现代朗动轿车无法启动
,起亚威客倒车警告系统不工作
,起亚佳乐空调系统无法工作
,起亚佳乐行驶时偶发性变速器不能够升降挡
,起亚霸锐无法力速，发动机及四轮驱动故障灯点亮
,悦达起亚福瑞迪轿车发动机无法启动
,悦达起亚狮跑发动机怠速抖动
,起亚福瑞迪轿车充电指示灯闪烁
,起亚霸锐车电动门窗开关失效
,起亚福瑞迪空调系统构造及常见故障
,悦达起亚赛拉图空调不制冷
,起亚狮跑怠速时空调制冷度不够
,悦达起亚锐欧空调不制冷
,别克君越左前门中控门锁不能上锁
,起亚嘉华启动发动机以后无怠速
,起亚佳乐发动机转速不稳、故障灯点亮
,起亚索兰托燃油表指针不稳
,起亚索兰托行驶时机油报警灯点亮
,起亚远舰加速时有抖动感觉
,起亚锐欧GL轿车发动机舱内有异响且熄火
,马自达3轿车发动机故障灯亮
,马自达CX-5仪表盘上多个故障灯点亮
,长安马自达CX-5 SUV启动困难
,马自达3轿车发动机故障灯亮
,马自达昂克赛拉车刮水器故障检修
,马自达6轿车油耗偏高故障检修
,马自达6轿车升档发闯
,马自达3轿车偶尔防盗锁止
,海马普力马失火故障检修
,海马1.8踩加速踏板总感觉加不上油
,长安马自达3 LF2.0发动机耗机油故障
,马自达6睿翼轿车ABS故障灯有时会异常点亮
,马自达M6 2. 3L轿车换档冲击、起步无力
,马自达6冷车时启动困难
,马自达M6发动机怠速抖动
,马自达6行驶时各种指示灯突然点亮、发动机熄火
,马自达6轿车尾气排放超标
,马自达3轿车空调无法制冷
,北京现代IX25 SUV发动机加速不良
,北京现代朗动行李舱开启逻辑变更方法
,北京现代伊兰特发动机熄火后无法再启动
,北京现代伊兰特行驶中突然熄火
,北京现代途胜发动机故障灯亮、变速器换挡冲击严重
,北京现代ix35发动机故障灯亮、加速无力
,北京现代lx25出现P0606故障码时的处理
,北京现代i30轿车行李舱盖无法打开
,北京现代发动机驱动皮带张紧力手动调整方法
,现代ix35冷车倒档难挂故障检修
,现代瑞纳手动变速器车辆低速行驶顿挫问题的处理方法
,北京现代ix35前照灯起雾的技术指导
,现代名驭座椅滑轨锁止不同步的调整指导
,北京现代名图车门开启不良的维修操作
,更换现代全新胜达右前半轴总成技术指导
,北京现代索纳塔转向助力泵异响的检测与处理
,北京现代部分车型天窗的初始化
,北京现代全新胜达天窗异响的维修方案
,起亚嘉华轿车打方向盘沉重
,马自达3行驶时发动机室盖处冒白色烟雾
,马自达睿翼轿车KEY报警灯常亮
,海马普力马变速器倒档冲击过大
,马自达3轿车转向沉重、EPS故障灯亮
,马自达3轿车防盗系统故障
,马自达2轿车空调无法制冷
,马自达6 ABS、DSC OFF及牵引力控制灯点亮
,马自达6轿车巡航功能失效
,马自达3发动机故障灯点亮、行驶无力
,马自达6自动变速器警告灯突然点亮
,马自达6车门关闭后车门开启指示灯依然点亮
,马自达6开空调时发动机偶尔会抖动
,马自达6轿车发电机无法发电
,马自达6外后视镜折回功能失效
,马自达6轿车发动机无法启动
,马自达6轿车发动机故障警告灯点亮
,马自达6发动机怠速不稳，动力不足
,马自达6发动机无法启动故障
,马自达6轿车发动机怠速抖动
,马自达6锁车后偶尔会突然报警
,马自达6发动机故障警告灯点亮、启动困难、无法加速
,马自达RX-8 无法启动故障检修
,东风日产骐达更换变速器破损部件后不能行驶
,现代轿车加速游车故障检修
,ix25车型曲轴箱通风管的检查
,现代伊兰特轿车防盗系统故障
,北京现代Ix25车门门锁的维修
,北京现代全系车型发电机更换维修指导
,北京现代全新胜达全景天窗电机更换方式说明
,北京现代名图安全带指示灯报警
,北京现代ix35经常无规律性地断电故障
,北京现代名图轿车EPC灯报警
,北京现代名图轿车空调制冷功能失效
,北京现代御翔轿车转向沉重故障检修
,北京现代名图2. 0L轿车发闯故障排除
,北京现代领翔一键启动模式失效
,北京现代伊兰特悦动轿车燃油表不工作
,北京现代新胜达SUV轿车挂D档不走车
,北京现代ix35轿车间歇性熄火、加不起速
,马自达3轿车发动机故障灯亮
,马自达CX-5仪表盘上多个故障灯点亮
,长安马自达CX-5 SUV启动困难
,马自达3轿车发动机故障灯亮
,马自达昂克赛拉车刮水器故障检修
,马自达6轿车油耗偏高故障检修
,马自达6轿车升档发闯
,马自达3轿车偶尔防盗锁止
,海马普力马失火故障检修
,海马1.8踩加速踏板总感觉加不上油
,长安马自达3 LF2.0发动机耗机油故障
,马自达6睿翼轿车ABS故障灯有时会异常点亮
,马自达M6 2. 3L轿车换档冲击、起步无力
,马自达6冷车时启动困难
,马自达M6发动机怠速抖动
,马自达6行驶时各种指示灯突然点亮、发动机熄火
,马自达6轿车尾气排放超标
,马自达3轿车空调无法制冷
,马自达3行驶时发动机室盖处冒白色烟雾
,马自达睿翼轿车KEY报警灯常亮
,海马普力马变速器倒档冲击过大
,日产轩逸行车记录仪引起遥控无法使用解决办法
,东风日产奇骏加速无力的故障检修
,日产轩逸轿车发动机故障灯异常点亮
,东风日产无级变速器（CVT）更换及匹配操作
,东风日产轩逸轿车无法启动检修
,日产NV200车加速无力且故障指示灯点亮
,日产轩逸轿车机油压力警告灯报警
,日产骊威气囊灯亮故障检修
,日产骊威发轿车动机高速不灵的故障检修
,日产风度前进异响倒车有异响检修
,风神蓝鸟轿车动力转向器的检修
,风神蓝鸟轿车动力转向油泵的检修
,风神蓝鸟动力转向液压系统的检查
,风神蓝鸟轿车转向盘的检查
,东风日产骐达轿车发动机故障灯报警
,日产新阳光一键式启动按键不能启动
,日产骊威轿车雷击中导致无法启动
,东风日产骏逸轿车后雨刮不工作
,日产骊威轿车在平路行驶时前部有异响
,北京现代伊兰特悦动轿车自动变速器故障排除
,北京现代途胜多功能车发动机故障灯常亮
,北京现代ix35发动机控制单元异常导致熄火
,北京现代途胜轿车出现故障码P0102故障检修
,北京现代ix35挂档后无法行驶故障排除
,北京现代朗动轿车无法启动
,北京现代IX25 SUV发动机加速不良
,北京现代朗动行李舱开启逻辑变更方法
,北京现代伊兰特发动机熄火后无法再启动
,北京现代伊兰特行驶中突然熄火
,北京现代途胜发动机故障灯亮、变速器换挡冲击严重
,北京现代ix35发动机故障灯亮、加速无力
,北京现代lx25出现P0606故障码时的处理
,北京现代i30轿车行李舱盖无法打开
,北京现代发动机驱动皮带张紧力手动调整方法
,现代ix35冷车倒档难挂故障检修
,现代瑞纳手动变速器车辆低速行驶顿挫问题的处理方法
,马自达3轿车转向沉重、EPS故障灯亮
,马自达3轿车防盗系统故障
,马自达2轿车空调无法制冷
,马自达6 ABS、DSC OFF及牵引力控制灯点亮
,马自达6轿车巡航功能失效
,马自达3发动机故障灯点亮、行驶无力
,马自达6自动变速器警告灯突然点亮
,马自达6车门关闭后车门开启指示灯依然点亮
,马自达6开空调时发动机偶尔会抖动
,马自达6轿车发电机无法发电
,马自达6外后视镜折回功能失效
,马自达6轿车发动机无法启动
,马自达6轿车发动机故障警告灯点亮
,马自达6发动机怠速不稳，动力不足
,马自达6发动机无法启动故障
,马自达6轿车发动机怠速抖动
,马自达6锁车后偶尔会突然报警
,马自达6发动机故障警告灯点亮、启动困难、无法加速
,福特锐界行驶过程中天窗顶部异响
,日产天籁轿车行驶时突然熄火
,日产逍客2.0喷漆作业完成后漆表面出现气泡
,日产天籁轿车天窗异响
,日产天籁轿车颜色发黄、清漆脱落
,日产天籁轿车踩刹车不能换挡
,日产天籁大修后出现断火现象
,日产天籁轿车空调18度制冷、19度就出热风
,日产新天籁点火按键没有反应 仪表KEY黄灯亮
,日产天籁轿车空调不制冷检修
,日产新天籁轿车空调系统故障
,日产天籁250XV轿车行驶时喇叭偶尔不响
,日产逍客步进电机电路故障导致无法正常行驶
,日产风度轿车发动机启动困难
,日产天籁轿车跑颠簸路时顶棚处异响
,日产骐达轿车行驶时后车背门发出异响
,日产天籁轿车雨刮器不工作检修
,日产新天籁发动机故障灯亮、无法提速
,日产新骐达轿车发动机抖动
,日产轩逸轿车行驶中车身抖动
,日产新阳光轿车驾驶室积水
,东风日产骐达更换变速器破损部件后不能行驶
,日产轩逸行车记录仪引起遥控无法使用解决办法
,东风日产奇骏加速无力的故障检修
,北京现代ix35前照灯起雾的技术指导
,现代名驭座椅滑轨锁止不同步的调整指导
,北京现代名图车门开启不良的维修操作
,更换现代全新胜达右前半轴总成技术指导
,北京现代索纳塔转向助力泵异响的检测与处理
,北京现代部分车型天窗的初始化
,北京现代全新胜达天窗异响的维修方案
,现代轿车加速游车故障检修
,ix25车型曲轴箱通风管的检查
,现代伊兰特轿车防盗系统故障
,北京现代Ix25车门门锁的维修
,北京现代全系车型发电机更换维修指导
,北京现代全新胜达全景天窗电机更换方式说明
,北京现代名图安全带指示灯报警
,北京现代ix35经常无规律性地断电故障
,北京现代名图轿车EPC灯报警
,北京现代名图轿车空调制冷功能失效
,北京现代御翔轿车转向沉重故障检修
,北京现代名图2. 0L轿车发闯故障排除
,北京现代领翔一键启动模式失效
,科鲁兹无钥匙进入启动系统及故障诊断
,奥迪Q7空气悬架系统故障灯亮
,别克昂科拉汽车全轮驱动关闭的故障维修
,更换2014年福特锐界安全气囊电脑的方法
,福特探险者中央显示屏黑屏
,福特锐界行驶过程中天窗遮阳帘自动打开
,2015年福特新福克斯发动机故障灯亮
,使用道通MS908更换2014年福特锐界安全气囊电脑
,长安福特锐界空调间歇不制冷
,福特新蒙迪欧仪表显示发动机水温高
,福特锐界空调不制冷故障检修
,福特翼虎SUV发动机无法启动
,福克斯三厢发动机故障灯亮、显示“P0460”故障码
,福特6F35变速器阀体的常见故障和修复（下）
,福特6F35变速器阀体的常见故障和修复（上）
,福特猛禽F150仪表故障指示灯亮起、挂挡冲击大
,福特蒙迪欧轿车冷却液温度高、启动困难
,长安福特福克斯2. 0L轿车熄火后无法启动
,福克斯轿车组合仪表自诊断方法
,福特蒙迪欧轿车转向柱锁故障导致无法启动
,福特福克斯仪表信息显示“发动机故障”
,福特福克斯轿车冷车抖动
,福克斯发动机转速表、燃油表无法回位
,福特蒙迪欧轿车无法提速
,福特福克斯发动机无法启动检修
,日产轩逸轿车发动机故障灯异常点亮
,东风日产无级变速器（CVT）更换及匹配操作
,东风日产轩逸轿车无法启动检修
,日产NV200车加速无力且故障指示灯点亮
,日产轩逸轿车机油压力警告灯报警
,日产骊威气囊灯亮故障检修
,日产骊威发轿车动机高速不灵的故障检修
,日产风度前进异响倒车有异响检修
,风神蓝鸟轿车动力转向器的检修
,风神蓝鸟轿车动力转向油泵的检修
,风神蓝鸟动力转向液压系统的检查
,风神蓝鸟轿车转向盘的检查
,东风日产骐达轿车发动机故障灯报警
,日产新阳光一键式启动按键不能启动
,日产骊威轿车雷击中导致无法启动
,东风日产骏逸轿车后雨刮不工作
,日产骊威轿车在平路行驶时前部有异响
,日产天籁轿车行驶时突然熄火
,日产逍客2.0喷漆作业完成后漆表面出现气泡
,日产天籁轿车天窗异响
,日产天籁轿车颜色发黄、清漆脱落
,日产天籁轿车踩刹车不能换挡
,北京现代伊兰特悦动轿车燃油表不工作
,北京现代新胜达SUV轿车挂D档不走车
,北京现代ix35轿车间歇性熄火、加不起速
,北京现代伊兰特悦动轿车自动变速器故障排除
,北京现代途胜多功能车发动机故障灯常亮
,北京现代ix35发动机控制单元异常导致熄火
,北京现代途胜轿车出现故障码P0102故障检修
,北京现代ix35挂档后无法行驶故障排除
,雪佛兰新赛欧轿车位置灯不亮检修
,雪佛兰赛欧轿车行驶中加速无力
,雪佛兰科鲁兹发动机故障灯亮、启动后即熄火
,雪佛兰科鲁兹轿车遥控门锁功能失效
,雪佛兰科帕奇仪表上多个指示灯点亮
,雪佛兰乐风更换前制动片后后轮抱死
,雪佛兰科鲁兹发动机怠速不稳故障维修
,雪佛兰科鲁兹轿车转向灯不闪烁
,雪佛兰科鲁兹故障灯异常点亮、且发动机加速不良
,雪佛兰乐风轿车凸轮轴位置传感器故障检修
,雪佛兰科鲁兹轿车加速无力
,雪佛兰科鲁兹轿车不能启动故障维修
,雪佛兰景程轿车空调系统不制冷
,雪佛兰新赛欧EMT挂挡不走故障检修
,大众迈腾轿车启动困难检修
,雪佛兰赛欧轿车启动困难、易熄火
,雪佛兰迈锐宝轿车无法启动
,雪佛兰科鲁兹发动机故障灯亮、报P0131故障码
,雪佛兰景程加速时有强烈的顿挫感
,奥迪Q5行驶中熄火后无法启动
,奥迪Q5 SUV发动机加速无力
,大众斯柯达明锐轿车加速无力
,奥迪A4L轿车后备箱机械锁锁不上
,奥迪A3锁车后MMI显示屏不回缩
,奥迪A6L（C6）轿车驾驶人侧车门有时锁不住
,2015年奥迪Q5点火闩故障检修
,奥迪A8L轿车发动机故障灯报警故障检修
,奥迪Q5发动机故障灯点亮
,奥迪C6轿车空调中部出风口风量异常
,奥迪100因高压调整开关失效引起空调制冷效果差
,奥迪A4L轿车发动机缸体损坏检修
,奥迪A6L轿车启停功能无法使用检修
,奥迪A1车语音对话系统失灵
,2016款全新途观四驱版车转弯时车辆后部振动
,奥迪A3 1.4T车前部发出“咯咯”金属异响
,2016款奥迪A4 2.0TDI车和3.0TDI车发动机故障灯异常点亮
,奥迪Q5仪表板上变速器故障灯点亮
,奥迪A6发动机不好启动、熄火后无法着车
,奥迪A6水泵齿轮脱落、发动机内部机械损坏
,别克凯越轿车停放一夜后发动机无法启动
,别克全新英朗发动机无法启动
,别克凯越轿车发动机故障灯亮检修
,别克英朗轿车车身电气系统瘫痪
,别克凯越1. 6L轿车防盗系统失灵故障检修
,别克陆尊车后空调不工作
,别克新君越收音机显示屏黑屏、娱乐导航系统均无法使用
,别克英朗轿车熄火后无法再启动
,别克林荫大道轿车遥控器失灵
,别克君越SIDI舒适版轿车偶发性加速不良
,别克君越轿车“请检修车辆”的警告灯点亮
,别克荣御间歇性无法启动故障解决
,配备EA8881.8T发动机的斯柯达启动困难及加速无力
,别克新君威偶发性不着车
,别克凯越手动变速器（MT）的分解与装配
,别克GL8发动机启动就能听到非常明显的响声
,别克GL8软管的连接位置如何安装
,别克凯越诊断仪无法匹配遥控器
,别克英朗偶发高温故障
,雪佛兰迈瑞宝发动机熄火
,别克君越轿车雨刮器只有高速挡故障检修
,别克君威2.5L轿车空调系统偶尔无法制冷
,别克凯越轿车遥控方式出现异常
,别克君越轿车巡航功能失效
,福特翼虎天窗玻璃电机进水导致不工作
,福特福克斯轿车雨刮器不工作故障检修
,福特蒙迪欧2. 0L轿车中控门锁自动上锁
,福特福克斯因点火线圈故障导致行驶时有时发闯
,蒙迪欧轿车转向时两前轮处有异响
,福克斯行驶时仪表板上的红色警告灯点亮
,福特蒙迪欧行驶时车后轮处有异响
,福特福克斯轿车中控门锁故障
,福特蒙迪欧因蓄电池亏电导致应急灯闪烁且无法用开关关闭
,福特蒙迪欧轿车气囊警告灯常亮
,福特蒙迪欧发动机冷却液温度高
,福特蒙迪欧轿车音响不工作
,福特嘉年华轿车怠速不稳
,蒙迪欧轿车行驶时车门不断上锁和开锁
,福特蒙迪欧致胜轿车发动机无法启动
,福特蒙迪欧轿车发动机怠速高
,福特福克斯轿车启动困难
,福特锐界行驶过程中天窗顶部异响
,更换2014年福特锐界安全气囊电脑的方法
,福特探险者中央显示屏黑屏
,日产天籁大修后出现断火现象
,日产天籁轿车空调18度制冷、19度就出热风
,日产新天籁点火按键没有反应 仪表KEY黄灯亮
,日产天籁轿车空调不制冷检修
,日产新天籁轿车空调系统故障
,日产天籁250XV轿车行驶时喇叭偶尔不响
,日产逍客步进电机电路故障导致无法正常行驶
,日产风度轿车发动机启动困难
,日产天籁轿车跑颠簸路时顶棚处异响
,日产骐达轿车行驶时后车背门发出异响
,日产天籁轿车雨刮器不工作检修
,日产新天籁发动机故障灯亮、无法提速
,日产新骐达轿车发动机抖动
,日产轩逸轿车行驶中车身抖动
,日产新阳光轿车驾驶室积水
,大众朗逸轿车动力不足故障检修
,雪佛兰科鲁兹轿车冷却液温度偏高
,雪佛兰乐风轿车启动困难维修
,别克赛欧轿车安全气囊灯亮
,雪佛兰乐风轿车发动机故障灯亮检修
,雪佛兰科帕奇无法启动检修
,雪佛兰景程发动机故障灯亮、加速无力
,雪佛兰景程车外后视镜无法电动打开
,雪佛兰科鲁兹轿车怠速不稳检修
,雪佛兰爱唯欧轿车发动机故障灯亮
,雪佛兰景程轿车空调不制冷
,雪佛兰新景程鼓风机工作不正常
,奥迪A6L前排乘客侧温度明显高于驾驶员侧温度
,雪佛兰乐风轿车遥控失灵
,雪佛兰科鲁兹轿车空调不制冷
,雪佛兰爱唯欧发动机故障灯点亮报警
,雪佛兰科鲁兹发动机故障灯亮、报多个故障码
,雪佛兰科鲁兹启动困难、加速不良且熄火
,奥迪A8轿车发动机怠速晃动共振
,奥迪Q5加速时右前部有异响
,奥迪Q5发动机难启动故障检修
,奥迪Q5发动机怠速晃动共振
,奥迪Q7更换高压油泵后发动机漏水
,奥迪Q7组合仪表间歇性出现红色机油压力不足警报灯报警
,奥迪Q7高速上行驶车速＞ 140km/h耸车、3缸失火
,奥迪Q7有时着车后发动机抖动
,奥迪Q7发动机怠速或加油时咔咔响
,奥迪A4L轿车挂挡起步不走车
,奥迪A4L轿车行驶过程中偶尔出现加油时故障
,奥迪A6L挂挡不走、发动机正常运转
,奥迪A6L轿车行驶80～130km/h时耸车
,奥迪A6L轿车起步时偶尔无法行驶
,奥迪A8变速行驶时变速箱故障灯报警、无动力啮合
,奥迪A8续高速行驶后、加油无反应
,奥迪Q5变速箱手动挡挂不上检修
,奥迪Q5变速箱起步及行驶闯车
,奥迪Q5发现变速箱报警、无倒挡
,奥迪Q7空气悬架系统故障灯亮
,奥迪Q5行驶中熄火后无法启动
,奥迪Q5 SUV发动机加速无力
,大众斯柯达明锐轿车加速无力
,奥迪A4L轿车后备箱机械锁锁不上
,别克君越前排乘客座椅靠背处曾有烟冒出
,别克君越轿车转向灯工作不正常
,别克君越3.0行驶一段时间就跑不动了
,别克新君威仪表上的轮胎气压过低警告灯点亮
,别克轿车空调添加制冷剂后出现间歇性制冷故障
,别克GS轿车烧保险丝故障检修
,别克凯越轿车无法起步
,别克君威轿车提速慢、油耗大
,别克君越3.0L右前电动座椅靠背无法调节
,别克君越轿车变速器噪声大
,别克轿车空气流量传感器MAF信号不良
,别克凯越打开点火开关后燃油表无反应
,别克凯越车辆仪表照明灯不亮
,别克轿车挂前进挡发动机易熄火
,别克GL轿车空调冷风时有时无
,别克昂科拉汽车全轮驱动关闭的故障维修
,别克凯越轿车停放一夜后发动机无法启动
,别克全新英朗发动机无法启动
,福特锐界行驶过程中天窗遮阳帘自动打开
,2015年福特新福克斯发动机故障灯亮
,使用道通MS908更换2014年福特锐界安全气囊电脑
,长安福特锐界空调间歇不制冷
,福特新蒙迪欧仪表显示发动机水温高
,福特锐界空调不制冷故障检修
,福特翼虎SUV发动机无法启动
,福克斯三厢发动机故障灯亮、显示“P0460”故障码
,福特6F35变速器阀体的常见故障和修复（下）
,福特6F35变速器阀体的常见故障和修复（上）
,福特猛禽F150仪表故障指示灯亮起、挂挡冲击大
,福特蒙迪欧轿车冷却液温度高、启动困难
,长安福特福克斯2. 0L轿车熄火后无法启动
,福克斯轿车组合仪表自诊断方法
,福特蒙迪欧轿车转向柱锁故障导致无法启动
,福特福克斯仪表信息显示“发动机故障”
,福特福克斯轿车冷车抖动
,福克斯发动机转速表、燃油表无法回位
,福特蒙迪欧轿车无法提速
,丰田卡罗拉轿车行驶中熄火故障检修
,大众迈腾1.8TSI发动机JS300故障维修
,大众朗逸轿车CAN总线故障检修
,大众高尔夫利用限流电阻排除日间行车灯不亮故障
,大众高尔夫旅行版发动机抖动
,大众迈特威（Multivan ）故障灯报警检修
,大众夏朗右侧滑动门无法开启
,大众桑塔纳3000轿车大灯不亮检修
,桑塔纳2000GSi轿车蓄电池经常亏电故障检修
,大众帕萨特发动机因积碳造成冷车启动困难
,大众帕萨特轿车制冷效果逐渐变差
,大众桑塔纳2000型轿车发动机无规律熄火
,大众桑塔纳2000型轿车发动机水温升高后就熄火
,大众桑塔纳3000轿车EPC灯常亮故障检修
,雪佛兰爱唯欧发动机故障灯点亮且抖动
,雪佛兰景程加装电喇叭引起发动机工作不良
,雪佛兰新景程空调系统间歇不制冷
,科鲁兹无钥匙进入启动系统及故障诊断
,雪佛兰新赛欧轿车位置灯不亮检修
,雪佛兰赛欧轿车行驶中加速无力
,雪佛兰科鲁兹发动机故障灯亮、启动后即熄火
,雪佛兰科鲁兹轿车遥控门锁功能失效
,雪佛兰科帕奇仪表上多个指示灯点亮
,雪佛兰乐风更换前制动片后后轮抱死
,雪佛兰科鲁兹发动机怠速不稳故障维修
,雪佛兰科鲁兹轿车转向灯不闪烁
,雪佛兰科鲁兹故障灯异常点亮、且发动机加速不良
,雪佛兰乐风轿车凸轮轴位置传感器故障检修
,雪佛兰科鲁兹轿车加速无力
,雪佛兰科鲁兹轿车不能启动故障维修
,雪佛兰景程轿车空调系统不制冷
,雪佛兰新赛欧EMT挂挡不走故障检修
,奥迪A3锁车后MMI显示屏不回缩
,奥迪A6L（C6）轿车驾驶人侧车门有时锁不住
,2015年奥迪Q5点火闩故障检修
,奥迪A8L轿车发动机故障灯报警故障检修
,奥迪Q5发动机故障灯点亮
,奥迪C6轿车空调中部出风口风量异常
,奥迪100因高压调整开关失效引起空调制冷效果差
,奥迪A4L轿车发动机缸体损坏检修
,奥迪A6L轿车启停功能无法使用检修
,奥迪A1车语音对话系统失灵
,2016款全新途观四驱版车转弯时车辆后部振动
,奥迪A3 1.4T车前部发出“咯咯”金属异响
,2016款奥迪A4 2.0TDI车和3.0TDI车发动机故障灯异常点亮
,奥迪Q5仪表板上变速器故障灯点亮
,奥迪A6发动机不好启动、熄火后无法着车
,奥迪A6水泵齿轮脱落、发动机内部机械损坏
,奥迪A8轿车发动机怠速晃动共振
,奥迪Q5加速时右前部有异响
,奥迪Q5发动机难启动故障检修
,奥迪Q5发动机怠速晃动共振
,别克凯越轿车发动机故障灯亮检修
,别克英朗轿车车身电气系统瘫痪
,别克凯越1. 6L轿车防盗系统失灵故障检修
,别克陆尊车后空调不工作
,别克新君越收音机显示屏黑屏、娱乐导航系统均无法使用
,别克英朗轿车熄火后无法再启动
,别克林荫大道轿车遥控器失灵
,别克君越SIDI舒适版轿车偶发性加速不良
,别克君越轿车“请检修车辆”的警告灯点亮
,别克荣御间歇性无法启动故障解决
,配备EA8881.8T发动机的斯柯达启动困难及加速无力
,别克新君威偶发性不着车
,别克凯越手动变速器（MT）的分解与装配
,别克GL8发动机启动就能听到非常明显的响声
,别克GL8软管的连接位置如何安装
,别克凯越诊断仪无法匹配遥控器
,别克英朗偶发高温故障
,雪佛兰迈瑞宝发动机熄火
,别克君越轿车雨刮器只有高速挡故障检修
,福特福克斯发动机无法启动检修
,福特翼虎天窗玻璃电机进水导致不工作
,福特福克斯轿车雨刮器不工作故障检修
,福特蒙迪欧2. 0L轿车中控门锁自动上锁
,福特福克斯因点火线圈故障导致行驶时有时发闯
,蒙迪欧轿车转向时两前轮处有异响
,福克斯行驶时仪表板上的红色警告灯点亮
,福特蒙迪欧行驶时车后轮处有异响
,福特福克斯轿车中控门锁故障
,福特蒙迪欧因蓄电池亏电导致应急灯闪烁且无法用开关关闭
,福特蒙迪欧轿车气囊警告灯常亮
,福特蒙迪欧发动机冷却液温度高
,福特蒙迪欧轿车音响不工作
,福特嘉年华轿车怠速不稳
,蒙迪欧轿车行驶时车门不断上锁和开锁
,福特蒙迪欧致胜轿车发动机无法启动
,福特蒙迪欧轿车发动机怠速高
,福特福克斯轿车启动困难
,丰田花冠轿车不能启动的故障分析及排除
,丰田汉兰达防侧滑指示灯点亮
,丰田凯美瑞HV混合动力系统故障检修
,丰田RAV4空调系统不制冷故障检修
,丰田发动机无法启动、故障指示灯一直不亮
,丰田逸致轿车鼓风机只有4挡工作
,丰田凯美瑞轿车无线门锁功能失效
,丰田卡罗拉轿车多个故障灯异常点亮
,丰田凯美瑞轿车突然无法行驶
,丰田威驰轿车点火系统故障诊断
,丰田花冠1. 6L轿车点火不正常的诊断
,丰田凯美瑞怠速抖动、清洗节气门无效
,丰田凯美瑞发动机故障灯不能自检
,丰田凯美瑞轿车无法启动故障检修
,丰田凯美瑞轿车高速行驶时水温高
,丰田卡罗拉轿车怠速偏高
,丰田皇冠轿车自动控制空调故障检修
,丰田卡罗拉轿车发动机故障灯亮、油耗偏高
,丰田皇冠轿车行驶久后空调会偶尔失效不工作
,丰田锐志轿车每天初次启动怠速很高
,丰田普锐斯轿车发动机不能正常熄火
,2016款本田缤智1.5L信息显示屏有倒车指引线，无倒车影像
,2016款迈腾B8L车水杯架卡扣无法回位
,2016款大众全新宝来轿车仪表多个故障灯报警
,大众迈腾轿车仪表台中央出风口不出风
,大众迈腾轿车右前电动座椅调整失灵
,大众PQ35平合系列轿车鼓风机故障诊断与改进措施
,大众CC 2.0T涡轮增压直喷发动机加速无力故障诊断
,大众宝来轿车冷热状态下经常不着车
,大众宝来轿车因防盗系统控制单元损坏引起无法启动
,大众新捷达轿车后盖无法正常打开
,大众宝来轿车散热风扇低速常转故障检修
,大众宝来1. 8L轿车熔丝S238多次熔断故障检修
,大众宝来1. 8L轿车空调系统密封圈损坏引起制冷效果不好
,大众宝来1. 6L轿车冷却液温度升高且空调电磁离合器不能吸合
,大众宝来1. 8L轿车因仪表编码错误引起的故障检修
,大众全新迈腾关于后门窗升降电机更换的技术说明
,大众新宝来自动变速器异响诊断
,高尔夫A6轿车发动机故障灯亮
,大众高尔夫A6仪表盘ABS、ESP、手制动警告灯闪亮
,大众新宝来轿车雨天行驶时发动机故障灯点亮
,大众迈腾轿车天窗偶尔不工作
,大众桑塔纳2000轿车启动机不工作源于蓄电池通气孔堵塞
,大众桑塔纳2000GSi轿车因高压线漏电引起怠速抖动
,大众帕萨特GLi轿车偶尔熄火故障检修
,大众桑塔纳3000型轿车刮水器不工作故障检修
,桑塔纳2000GSi因轮速传感器未安装到位引起ABS指示灯不熄灭
,大众桑塔纳2000GSi轿车因电子节气门故障导致空调不工作
,大众桑塔纳2000GSi轿车因点火开关损坏引起不能启动
,大众桑塔纳2000GSi型轿车关钥匙难熄火
,桑塔纳2000GSi型轿车水温传感器损坏引起发动机冷机启动困难
,桑塔纳轿车JV型点火系统的故障诊断
,大众桑塔纳2000型轿车因电路多处损坏引起不能着车
,大众桑塔纳2000GLi型轿车怠速有时过高有时又正常
,斯柯达速派1.8T发动机转速指针剧烈抖动
,大众帕萨特B5轿车冷却液温度表指示异常
,大众桑塔纳3000启动时ABS故障指示灯点亮
,帕萨特B5发动机热车时运转不稳且易熄火
,大众迈腾轿车启动困难检修
,雪佛兰赛欧轿车启动困难、易熄火
,雪佛兰迈锐宝轿车无法启动
,雪佛兰科鲁兹发动机故障灯亮、报P0131故障码
,雪佛兰景程加速时有强烈的顿挫感
,雪佛兰科鲁兹轿车冷却液温度偏高
,雪佛兰乐风轿车启动困难维修
,别克赛欧轿车安全气囊灯亮
,雪佛兰乐风轿车发动机故障灯亮检修
,雪佛兰科帕奇无法启动检修
,雪佛兰景程发动机故障灯亮、加速无力
,雪佛兰景程车外后视镜无法电动打开
,雪佛兰科鲁兹轿车怠速不稳检修
,雪佛兰爱唯欧轿车发动机故障灯亮
,雪佛兰景程轿车空调不制冷
,雪佛兰新景程鼓风机工作不正常
,奥迪A6L前排乘客侧温度明显高于驾驶员侧温度
,雪佛兰乐风轿车遥控失灵
,雪佛兰科鲁兹轿车空调不制冷
,雪佛兰爱唯欧发动机故障灯点亮报警
,雪佛兰科鲁兹发动机故障灯亮、报多个故障码
,雪佛兰科鲁兹启动困难、加速不良且熄火
,奥迪Q7更换高压油泵后发动机漏水
,奥迪Q7组合仪表间歇性出现红色机油压力不足警报灯报警
,奥迪Q7高速上行驶车速＞ 140km/h耸车、3缸失火
,奥迪Q7有时着车后发动机抖动
,奥迪Q7发动机怠速或加油时咔咔响
,奥迪A4L轿车挂挡起步不走车
,奥迪A4L轿车行驶过程中偶尔出现加油时故障
,奥迪A6L挂挡不走、发动机正常运转
,奥迪A6L轿车行驶80～130km/h时耸车
,奥迪A6L轿车起步时偶尔无法行驶
,奥迪A8变速行驶时变速箱故障灯报警、无动力啮合
,奥迪A8续高速行驶后、加油无反应
,奥迪Q5变速箱手动挡挂不上检修
,奥迪Q5变速箱起步及行驶闯车
,奥迪Q5发现变速箱报警、无倒挡
,别克君威2.5L轿车空调系统偶尔无法制冷
,别克凯越轿车遥控方式出现异常
,别克君越轿车巡航功能失效
,别克君越前排乘客座椅靠背处曾有烟冒出
,别克君越轿车转向灯工作不正常
,别克君越3.0行驶一段时间就跑不动了
,别克新君威仪表上的轮胎气压过低警告灯点亮
,别克轿车空调添加制冷剂后出现间歇性制冷故障
,别克GS轿车烧保险丝故障检修
,别克凯越轿车无法起步
,别克君威轿车提速慢、油耗大
,别克君越3.0L右前电动座椅靠背无法调节
,别克君越轿车变速器噪声大
,别克轿车空气流量传感器MAF信号不良
,别克凯越打开点火开关后燃油表无反应
,别克凯越车辆仪表照明灯不亮
,别克轿车挂前进挡发动机易熄火
,别克GL轿车空调冷风时有时无
,丰田卡罗拉轿车制动时向左、右偏头
,丰田锐志轿车前照灯常亮
,丰田皇冠轿车有时制动响应不够灵敏
,丰田车系原厂导航主机在断开蓄电池后出现死机故障的解决方案
,丰田卡罗拉轿车踩加速踏板无反应
,丰田凯美瑞轿车空调制冷效果差
,丰田凯美瑞发动机故障灯亮、冒黑烟
,丰田皇冠3.0轿车空调压缩机无法正常工作
,丰田皇冠轿车空调系统有时吹热风
,分析丰田车系启动机控制系统电路及故障诊断
,丰田皇冠空调出风口左侧出冷风，右侧出自然风
,丰田佳美热车难启动
,丰田皇冠蓄电池亏电的故障
,丰田皇冠轮胎胎压灯闪烁、ABS/VSC灯一直点亮
,丰田皇冠3.0轿车无法正常着车
,浅谈丰田VVT-i系统故障诊断与修理
,丰田皇冠空调左、右出风口温度过高
,丰田皇冠电动车窗和车外后视镜无法调节
,丰田卡罗拉轿车行驶中熄火故障检修
,丰田花冠轿车不能启动的故障分析及排除
,丰田汉兰达防侧滑指示灯点亮
,本田思迪轿车制冷剂泄漏故障检修
,本田雅阁2.0发动机间隙性熄火故障检修
,本田雅阁2.0轿车空调偶尔不制冷
,丰田雅力士轿车偶发无法着车
,本田飞度轿车制动踏板的检查与调整
,本田飞度轿车电动助力转向系统（EPS）检修
,本田飞度轿车电动机的故障检修
,本田飞度轿车气缸压力的检测
,本田飞度行驶途中发动机突然熄火
,本田雅阁2.4轿车玻璃升降器故障检修
,本田雅阁2. 4L轿车多个故障指示灯点亮
,本田雅阁轿车维修后故障指示灯点亮
,本田飞度轿车盘式制动器的检修
,本田飞度轿车鼓式制动器的检修
,本田飞度轿车扭矩传感器的故障检修
,本田飞度轿车制动主缸的检修
,本田飞度轿车真空助力器的检修
,本田飞度轿车制动液泄漏的检查
,大众CC轿车启动后轻微抖动
,大众捷达轿车喷油泵的拆装
,大众捷达轿车燃油温度传感器的检修
,大众CC事故修复后安全气囊灯常亮不熄
,大众捷达轿车喷油器的检修
,大众捷达轿车发动机转速传感器的检修
,大众捷达轿车调节活塞位移传感器的检修
,大众捷达进气温度传感器的检修
,大众捷达轿车油量调节器检修
,大众捷达喷油器针阀升程传感器检修
,大众捷达冷却液温度传感器（G62）检修
,大众宝来轿车冷却液的检查与更换
,高尔夫7事故车更换转向柱后高速行驶异响
,大众CC 1.8T双离合器轿车下雨时前档风玻璃起雾严重
,大众速腾轿车变速器挡位显示灯不正常
,大众全新捷达CNG无法熄火
,大众帕萨特1.8T轿车冷车启动困难
,大众帕萨特更换前照灯后出现灯光报警
,大众车后部偶尔发出“咯吱”异响
,大众迈腾1.8TSI发动机JS300故障维修
,2016款迈腾B8L车水杯架卡扣无法回位
,桑塔纳2000GSi轿车因ECU损坏引起启动后就熄火
,大众帕萨特轿车急加速时ABS泵就工作
,帕萨特B5轿车急加速时各故障指示灯交替闪烁
,大众POLO轿车ABS灯亮故障检修
,大众POLO轿车发动机故障灯亮
,桑塔纳时代超人行驶中水温报警灯闪烁
,大众帕萨特领驭行驶中能够听到哨音
,大众新帕萨特偶发性无法启动
,大众新帕萨特（至尊版）后座娱乐系统不工作
,大众新帕萨特钥匙遥控功能的匹配
,大众新帕萨特两把钥匙无钥匙进入功能失效
,大众朗逸轿车动力不足故障检修
,大众朗逸轿车CAN总线故障检修
,大众高尔夫利用限流电阻排除日间行车灯不亮故障
,大众高尔夫旅行版发动机抖动
,大众迈特威（Multivan ）故障灯报警检修
,大众夏朗右侧滑动门无法开启
,大众桑塔纳3000轿车大灯不亮检修
,桑塔纳2000GSi轿车蓄电池经常亏电故障检修
,大众帕萨特发动机因积碳造成冷车启动困难
,雪佛兰爱唯欧发动机故障灯点亮且抖动
,雪佛兰景程加装电喇叭引起发动机工作不良
,雪佛兰新景程空调系统间歇不制冷
,丰田凯美瑞HV混合动力系统故障检修
,丰田RAV4空调系统不制冷故障检修
,丰田发动机无法启动、故障指示灯一直不亮
,丰田逸致轿车鼓风机只有4挡工作
,丰田凯美瑞轿车无线门锁功能失效
,丰田卡罗拉轿车多个故障灯异常点亮
,丰田凯美瑞轿车突然无法行驶
,丰田威驰轿车点火系统故障诊断
,丰田花冠1. 6L轿车点火不正常的诊断
,丰田凯美瑞怠速抖动、清洗节气门无效
,丰田凯美瑞发动机故障灯不能自检
,丰田凯美瑞轿车无法启动故障检修
,丰田凯美瑞轿车高速行驶时水温高
,丰田卡罗拉轿车怠速偏高
,丰田皇冠轿车自动控制空调故障检修
,丰田卡罗拉轿车发动机故障灯亮、油耗偏高
,丰田皇冠轿车行驶久后空调会偶尔失效不工作
,丰田锐志轿车每天初次启动怠速很高
,丰田普锐斯轿车发动机不能正常熄火
,丰田卡罗拉轿车制动时向左、右偏头
,丰田锐志轿车前照灯常亮
,宝马328i轿车怠速不良、加速不良故障检修
,本田飞度轿车液压制动系统的排气
,本田飞度驻车制动操纵机构的检查与调整
,本田飞度轿车齿条导轨的检查与调整
,本田飞度转向柱倾斜度调节杆的检查与调整
,本田飞度轿车电动机的更换与检查
,本田飞度无级变速器（CVT）的分解与装配
,本田飞度无级变速器（CVT）换挡拉线的调整
,本田飞度气门间隙的检查与调整
,本田飞度液压操纵式离合器踏板的检查与调整
,广州本田飞度轿车机油压力的检测
,广州本田飞度轿车传动轴的拆装
,广州本田飞度轿车传动轴的检查
,本田飞度轿车无级变速器油的检查与更换
,本田雅阁加速不良、换挡延迟
,本田雅阁有时车速不能超过60 km/h
,本田雅阁2.4轿车锁挡故障检修
,本田CRV变速器在行驶的过程异响
,2016款大众全新宝来轿车仪表多个故障灯报警
,大众迈腾轿车仪表台中央出风口不出风
,大众迈腾轿车右前电动座椅调整失灵
,大众PQ35平合系列轿车鼓风机故障诊断与改进措施
,大众CC 2.0T涡轮增压直喷发动机加速无力故障诊断
,大众宝来轿车冷热状态下经常不着车
,大众宝来轿车因防盗系统控制单元损坏引起无法启动
,大众新捷达轿车后盖无法正常打开
,大众宝来轿车散热风扇低速常转故障检修
,大众宝来1. 8L轿车熔丝S238多次熔断故障检修
,大众宝来1. 8L轿车空调系统密封圈损坏引起制冷效果不好
,大众宝来1. 6L轿车冷却液温度升高且空调电磁离合器不能吸合
,大众宝来1. 8L轿车因仪表编码错误引起的故障检修
,大众全新迈腾关于后门窗升降电机更换的技术说明
,大众新宝来自动变速器异响诊断
,高尔夫A6轿车发动机故障灯亮
,大众高尔夫A6仪表盘ABS、ESP、手制动警告灯闪亮
,大众新宝来轿车雨天行驶时发动机故障灯点亮
,大众迈腾轿车天窗偶尔不工作
,大众帕萨特轿车制冷效果逐渐变差
,大众桑塔纳2000型轿车发动机无规律熄火
,大众桑塔纳2000型轿车发动机水温升高后就熄火
,大众桑塔纳3000轿车EPC灯常亮故障检修
,大众桑塔纳2000轿车启动机不工作源于蓄电池通气孔堵塞
,大众桑塔纳2000GSi轿车因高压线漏电引起怠速抖动
,大众帕萨特GLi轿车偶尔熄火故障检修
,大众桑塔纳3000型轿车刮水器不工作故障检修
,桑塔纳2000GSi因轮速传感器未安装到位引起ABS指示灯不熄灭
,大众桑塔纳2000GSi轿车因电子节气门故障导致空调不工作
,大众桑塔纳2000GSi轿车因点火开关损坏引起不能启动
,大众桑塔纳2000GSi型轿车关钥匙难熄火
,桑塔纳2000GSi型轿车水温传感器损坏引起发动机冷机启动困难
,桑塔纳轿车JV型点火系统的故障诊断
,大众桑塔纳2000型轿车因电路多处损坏引起不能着车
,大众桑塔纳2000GLi型轿车怠速有时过高有时又正常
,斯柯达速派1.8T发动机转速指针剧烈抖动
,大众帕萨特B5轿车冷却液温度表指示异常
,大众桑塔纳3000启动时ABS故障指示灯点亮
,丰田皇冠轿车有时制动响应不够灵敏
,丰田车系原厂导航主机在断开蓄电池后出现死机故障的解决方案
,丰田卡罗拉轿车踩加速踏板无反应
,丰田凯美瑞轿车空调制冷效果差
,丰田凯美瑞发动机故障灯亮、冒黑烟
,丰田皇冠3.0轿车空调压缩机无法正常工作
,丰田皇冠轿车空调系统有时吹热风
,分析丰田车系启动机控制系统电路及故障诊断
,丰田皇冠空调出风口左侧出冷风，右侧出自然风
,丰田佳美热车难启动
,丰田皇冠蓄电池亏电的故障
,丰田皇冠轮胎胎压灯闪烁、ABS/VSC灯一直点亮
,丰田皇冠3.0轿车无法正常着车
,浅谈丰田VVT-i系统故障诊断与修理
,丰田皇冠空调左、右出风口温度过高
,丰田皇冠电动车窗和车外后视镜无法调节
,宝马535i轿车怠速发抖故障分析检修
,宝马730Li轿车主驾车门锁能关不能开
,宝马730Li轿车三元催化器堵塞
,宝马525Li轿车开前雾灯时右前大灯闪烁
,宝马320i轿车行驶中偶尔熄火
,宝马X5 SUV无法启动着车
,宝马320Li轿车仪表报警故障检修
,宝马320L轿车Flex Ray总线故障检修
,宝马740Li轿车蓄电池电量低报警
,宝马X5发动机故障灯亮
,宝马730Li轿车启动后发抖熄火故障诊断与排除
,2011款宝马523Li车电动助力转向系统（EPS）的设码方法
,宝马X5加油跳枪故障检修
,宝马325i更换JBE盒子后便用道通MS PRO编程匹配
,宝马320Li轿车发动机抖动严重、故障灯亮
,剖析新款宝马G11/G12动力系统技术（十）
,宝马X4集成式导航设备加装
,宝马加装后方驻车距离报警系统
,本田雅阁3.0轿车防盗灯亮检修
,广汽本田雅阁怠速时发动机异响维修
,本田雅阁、奥德赛启动时间长
,第九代雅阁天窗不能关闭的维修指引
,2016款本田缤智1.5L信息显示屏有倒车指引线，无倒车影像
,本田思迪轿车制冷剂泄漏故障检修
,本田雅阁2.0发动机间隙性熄火故障检修
,本田雅阁2.0轿车空调偶尔不制冷
,丰田雅力士轿车偶发无法着车
,本田飞度轿车制动踏板的检查与调整
,本田飞度轿车电动助力转向系统（EPS）检修
,本田飞度轿车电动机的故障检修
,本田飞度轿车气缸压力的检测
,本田飞度行驶途中发动机突然熄火
,本田雅阁2.4轿车玻璃升降器故障检修
,本田雅阁2. 4L轿车多个故障指示灯点亮
,本田雅阁轿车维修后故障指示灯点亮
,本田飞度轿车盘式制动器的检修
,本田飞度轿车鼓式制动器的检修
,本田飞度轿车扭矩传感器的故障检修
,本田飞度轿车制动主缸的检修
,本田飞度轿车真空助力器的检修
,本田飞度轿车制动液泄漏的检查
,奔驰E280轿车用遥控器不能锁车
,大众CC轿车启动后轻微抖动
,大众捷达轿车喷油泵的拆装
,大众捷达轿车燃油温度传感器的检修
,大众CC事故修复后安全气囊灯常亮不熄
,大众捷达轿车喷油器的检修
,大众捷达轿车发动机转速传感器的检修
,大众捷达轿车调节活塞位移传感器的检修
,大众捷达进气温度传感器的检修
,大众捷达轿车油量调节器检修
,大众捷达喷油器针阀升程传感器检修
,大众捷达冷却液温度传感器（G62）检修
,大众宝来轿车冷却液的检查与更换
,高尔夫7事故车更换转向柱后高速行驶异响
,大众CC 1.8T双离合器轿车下雨时前档风玻璃起雾严重
,大众速腾轿车变速器挡位显示灯不正常
,帕萨特B5发动机热车时运转不稳且易熄火
,桑塔纳2000GSi轿车因ECU损坏引起启动后就熄火
,大众帕萨特轿车急加速时ABS泵就工作
,帕萨特B5轿车急加速时各故障指示灯交替闪烁
,大众POLO轿车ABS灯亮故障检修
,大众POLO轿车发动机故障灯亮
,桑塔纳时代超人行驶中水温报警灯闪烁
,大众帕萨特领驭行驶中能够听到哨音
,大众新帕萨特偶发性无法启动
,大众新帕萨特（至尊版）后座娱乐系统不工作
,大众新帕萨特钥匙遥控功能的匹配
,大众新帕萨特两把钥匙无钥匙进入功能失效
,上汽大众车系诊断思路（五）
,宝马N20发动机启动困难、运转不稳
,宝马525i轿车仪表显示润滑油油位过低
,宝马320i轿车仪表显示变速器进入紧急程序
,宝马525Li车更换电子转向控制模块的编程和设码
,宝马1系轿车提示燃油不准
,宝马新3系、新X3拆卸排水口的技术要点
,宝马车系中央信息显示屏（CID）显示“NoSignal”
,宝马车系无法在车内登录ConnectedDrive
,宝马车系所有车门都锁上了但是有检查控制信息“车门打开”
,宝马523Li轿车日间行车灯在行驶中会自动熄灭
,宝马车系前减震器异晌
,宝马车系解锁车辆时制动信号灯亮起
,宝马车系后空气弹赞报坏
,宝马X3后雨刮经常会自行运转
,宝马车系检查控制信息：“蓄电池放电”或发动机启动／停止自动装置不可...
,宝马车系分行驶里程表显示大于总行驶里程表
,本田飞度轿车液压制动系统的排气
,本田飞度驻车制动操纵机构的检查与调整
,本田飞度轿车齿条导轨的检查与调整
,本田飞度转向柱倾斜度调节杆的检查与调整
,本田飞度轿车电动机的更换与检查
,本田飞度无级变速器（CVT）的分解与装配
,本田飞度无级变速器（CVT）换挡拉线的调整
,本田飞度气门间隙的检查与调整
,本田飞度液压操纵式离合器踏板的检查与调整
,广州本田飞度轿车机油压力的检测
,广州本田飞度轿车传动轴的拆装
,广州本田飞度轿车传动轴的检查
,本田飞度轿车无级变速器油的检查与更换
,本田雅阁加速不良、换挡延迟
,本田雅阁有时车速不能超过60 km/h
,本田雅阁2.4轿车锁挡故障检修
,本田CRV变速器在行驶的过程异响
,本田雅阁3.0轿车防盗灯亮检修
,广汽本田雅阁怠速时发动机异响维修
,本田雅阁、奥德赛启动时间长
,奔驰S350轿车尾灯灯光报警
,奔驰C200轿车辅助蓄电池故障检修
,奔驰GL350柴油版车发动机故障灯长亮
,奔驰C200轿车发动机无法启动
,奔驰GLK260轿车驻车定位系统故障检修
,奔驰R320车有时自动制动
,奔驰S400混合动力轿车无法启动
,奔驰R350车有时无法启动
,奔驰R300仪表显示ESP、ABS停止运作、转向重
,奔驰S400 Hybrid车在12V车载电网蓄电池电压过低后发动机无法启动
,奔驰混合动力车型无法启动或组合仪表提示“故障，请去授权服务中心”
,奔驰S400 hybrid车和E400 hybrid车空调制冷效果差或完全不制冷
,2011款奔驰R350保养灯归零操作方法
,奔驰SLK200轿车变速器发冲故障
,奔驰车系212收音机故障检修
,奔驰车系NTG2 COMAND内置驱动器的维修
,奔驰722.9自动变速器进入紧急模式
,722.9自动变速器在升级、SCN（软件编程校验码）后，自动变速器处于紧急...
,7速双离合器变速器（7G-DCT）的奔驰246、176、117车存储有故障代码
,大众全新捷达CNG无法熄火
,大众帕萨特1.8T轿车冷车启动困难
,大众帕萨特更换前照灯后出现灯光报警
,大众车后部偶尔发出“咯吱”异响
,宝马新5系润滑转向轴及其防尘套润滑的技术说明
,宝马车系行驶期间即使客户未操纵，中控锁仍重复开锁解锁动作
,宝马车系动力下降，发动机抛锚或无法启动
,宝马车系车窗自动关闭（一键关闭）功能失效
,宝马328i轿车怠速不良、加速不良故障检修
,宝马535i轿车怠速发抖故障分析检修
,宝马730Li轿车主驾车门锁能关不能开
,宝马730Li轿车三元催化器堵塞
,宝马525Li轿车开前雾灯时右前大灯闪烁
,宝马320i轿车行驶中偶尔熄火
,宝马X5 SUV无法启动着车
,宝马320Li轿车仪表报警故障检修
,宝马320L轿车Flex Ray总线故障检修
,宝马740Li轿车蓄电池电量低报警
,宝马X5发动机故障灯亮
,宝马730Li轿车启动后发抖熄火故障诊断与排除
,2011款宝马523Li车电动助力转向系统（EPS）的设码方法
,宝马X5加油跳枪故障检修
,宝马325i更换JBE盒子后便用道通MS PRO编程匹配
,宝马320Li轿车发动机抖动严重、故障灯亮
,第九代雅阁天窗不能关闭的维修指引
,奔驰197.377/4770车更换自动变速器后出现故障代码或发动机故障灯点亮
,722.9自动变速器更换EHS后无法对选择范围传感器进行学习
,装备7速双离合器变速器（7G-DCT）的奔驰车顿挫
,奔驰W164及W251车型存储故障代码9006的解决方法
,奔驰E260轿车组合仪表显示“ESP停止运作”
,手势控制技术在汽车上的应用
,奔驰车系NTG3 COMAND的维修措施
,奔驰车系Telematic系统维修提示
,奔驰车系前轴发出敲击响声
,奔驰车系ESP/ABS故障灯亮起
,奔驰车系前轴有“嗡嗡”异响通报
,奔驰车系漏电故障通报
,奔驰车系大雨过后出现各种各样故障
,奔驰车系关于气囊触发点过高的投诉说明
,奔驰车系鼓风机常转、无法控制
,奔驰车系蓄电池漏电导致车辆不能启动
,奔驰车系前部某侧转向灯有时工作不良
,奔驰车系活性炭过滤器执行电机有噪声
,剖析新款宝马G11/G12动力系统技术（十）
,宝马X4集成式导航设备加装
,宝马加装后方驻车距离报警系统
,上汽大众车系诊断思路（五）
,宝马N20发动机启动困难、运转不稳
,宝马525i轿车仪表显示润滑油油位过低
,宝马320i轿车仪表显示变速器进入紧急程序
,宝马525Li车更换电子转向控制模块的编程和设码
,宝马1系轿车提示燃油不准
,宝马新3系、新X3拆卸排水口的技术要点
,宝马车系中央信息显示屏（CID）显示“NoSignal”
,宝马车系无法在车内登录ConnectedDrive
,宝马车系所有车门都锁上了但是有检查控制信息“车门打开”
,宝马523Li轿车日间行车灯在行驶中会自动熄灭
,宝马车系前减震器异晌
,宝马车系解锁车辆时制动信号灯亮起
,宝马车系后空气弹赞报坏
,宝马X3后雨刮经常会自行运转
,宝马车系检查控制信息：“蓄电池放电”或发动机启动／停止自动装置不可...
,奔驰车系车身高度降低
,奔驰车系仪表显示报警信息“冷却液液位低”
,奔驰E280轿车用遥控器不能锁车
,奔驰S350轿车尾灯灯光报警
,奔驰C200轿车辅助蓄电池故障检修
,奔驰GL350柴油版车发动机故障灯长亮
,奔驰C200轿车发动机无法启动
,奔驰GLK260轿车驻车定位系统故障检修
,奔驰R320车有时自动制动
,奔驰S400混合动力轿车无法启动
,奔驰R350车有时无法启动
,奔驰R300仪表显示ESP、ABS停止运作、转向重
,奔驰S400 Hybrid车在12V车载电网蓄电池电压过低后发动机无法启动
,奔驰混合动力车型无法启动或组合仪表提示“故障，请去授权服务中心”
,奔驰S400 hybrid车和E400 hybrid车空调制冷效果差或完全不制冷
,2011款奔驰R350保养灯归零操作方法
,奔驰SLK200轿车变速器发冲故障
,奔驰车系212收音机故障检修
,奔驰车系NTG2 COMAND内置驱动器的维修
,奔驰722.9自动变速器进入紧急模式
,722.9自动变速器在升级、SCN（软件编程校验码）后，自动变速器处于紧急...
,宝马车系分行驶里程表显示大于总行驶里程表
,宝马新5系润滑转向轴及其防尘套润滑的技术说明
,宝马车系行驶期间即使客户未操纵，中控锁仍重复开锁解锁动作
,宝马车系动力下降，发动机抛锚或无法启动
,宝马车系车窗自动关闭（一键关闭）功能失效
,7速双离合器变速器（7G-DCT）的奔驰246、176、117车存储有故障代码
,奔驰197.377/4770车更换自动变速器后出现故障代码或发动机故障灯点亮
,722.9自动变速器更换EHS后无法对选择范围传感器进行学习
,装备7速双离合器变速器（7G-DCT）的奔驰车顿挫
,奔驰W164及W251车型存储故障代码9006的解决方法
,奔驰E260轿车组合仪表显示“ESP停止运作”
,手势控制技术在汽车上的应用
,奔驰车系NTG3 COMAND的维修措施
,奔驰车系Telematic系统维修提示
,奔驰车系前轴发出敲击响声
,奔驰车系ESP/ABS故障灯亮起
,奔驰车系前轴有“嗡嗡”异响通报
,奔驰车系漏电故障通报
,奔驰车系大雨过后出现各种各样故障
,奔驰车系关于气囊触发点过高的投诉说明
,奔驰车系鼓风机常转、无法控制
,奔驰车系蓄电池漏电导致车辆不能启动
,奔驰车系前部某侧转向灯有时工作不良
,奔驰车系活性炭过滤器执行电机有噪声
,奔驰车系车身高度降低
,奔驰车系仪表显示报警信息“冷却液液位低”
